매입처명,상품명,현재고,품절예상월,2026-10,2026-11,2026-12,2027-01,2027-02,2027-03,2027-04,2027-05,2027-06,2027-07,2027-08,2027-09
(주)동원장갑,대광노랑반코팅(10P)(A),4530.0,2026-11,1050.0,-2293.0,-9466.0,-13034.0,-15313.0,-20416.0,-25460.0,-26969.0,-30615.0,-33829.0,-37305.0,-41170.0
(주)동원장갑,대광반코팅(10P)13g,5697.0,2026-11,1606.0,-1327.0,-2309.0,-4005.0,-5172.0,-6257.0,-7900.0,-8608.0,-9938.0,-11244.0,-11803.0,-13270.0
(주)동원장갑,대광실완전코팅(힘써)(A),27861.0,2026-10,-26880.0,-74380.0,-121679.0,-173327.0,-211311.0,-259219.0,-352438.0,-398626.0,-469921.0,-522681.0,-581785.0,-636954.0
(주)동원장갑,동원반코팅(10P),0.0,2026-10,-225.0,-450.0,-675.0,-900.0,-1125.0,-1350.0,-1575.0,-1800.0,-2025.0,-2250.0,-2475.0,-2700.0
(주)동원장갑,동원실완전코팅(A),0.0,2026-10,-500.0,-1000.0,-1500.0,-2000.0,-2500.0,-3000.0,-3500.0,-4000.0,-4500.0,-5000.0,-5500.0,-6000.0
(주)동원장갑,실장갑40g(10P)(A),4960.0,품절예상없음,4838.0,3941.0,3571.0,3409.0,3039.0,2663.0,2455.0,2328.0,1998.0,1761.0,1570.0,1362.0
(주)동원장갑,오런소프트(L)파,1081.0,2026-10,-405.0,-2063.0,-3154.0,-4242.0,-4475.0,-4550.0,-4552.0,-4667.0,-4966.0,-5081.0,-5167.0,-5240.0
(주)동원장갑,오런소프트(M)파,4444.0,2027-01,3476.0,1918.0,390.0,-179.0,-396.0,-407.0,-479.0,-481.0,-565.0,-639.0,-782.0,-852.0
(주)동원장갑,오런소프트(S)파,3239.0,품절예상없음,3115.0,2309.0,1781.0,1550.0,1538.0,1529.0,1520.0,1509.0,1500.0,1490.0,1480.0,1468.0
(주)동원장갑,오런하늘코팅(M),31500.0,2027-03,23773.0,20669.0,13708.0,6089.0,2232.0,-10976.0,-32946.0,-39839.0,-46612.0,-53989.0,-62616.0,-73326.0
(주)동원장갑,후디스반코팅(10P),0.0,2026-10,-60.0,-120.0,-180.0,-240.0,-300.0,-360.0,-420.0,-480.0,-540.0,-600.0,-660.0,-720.0
(주)동원장갑,후디스줄기사13g(A),47390.0,2026-12,34540.0,8580.0,-8906.0,-50564.0,-62083.0,-77698.0,-128879.0,-144141.0,-153820.0,-175455.0,-191413.0,-222883.0
(주)디제이씨한국다정,대광TC예식,-2420.0,2026-10,-46322.0,-96105.0,-160054.0,-203017.0,-233208.0,-301679.0,-346719.0,-390557.0,-449252.0,-489583.0,-533239.0,-576808.0
(주)디제이씨한국다정,대광기누(L)백(10P)(3-4L),190.0,2027-01,146.0,97.0,18.0,-51.0,-110.0,-223.0,-302.0,-366.0,-468.0,-493.0,-528.0,-647.0
(주)디제이씨한국다정,대광기누(L)살(10P),270.0,2026-11,65.0,-34.0,-127.0,-206.0,-253.0,-443.0,-652.0,-681.0,-701.0,-721.0,-858.0,-916.0
(주)디제이씨한국다정,대광기누(L)청(10P)(3-2L),1659.0,2026-11,1014.0,-163.0,-1125.0,-1861.0,-2517.0,-3290.0,-4155.0,-4590.0,-5038.0,-5655.0,-5887.0,-6988.0
(주)디제이씨한국다정,대광기누(L)커(10P),75.0,2026-10,0.0,-304.0,-361.0,-394.0,-451.0,-606.0,-875.0,-877.0,-895.0,-918.0,-927.0,-945.0
(주)디제이씨한국다정,대광기누(L)홍(10P)(3-3L),549.0,2026-12,389.0,57.0,-234.0,-529.0,-655.0,-823.0,-1169.0,-1272.0,-1328.0,-1417.0,-1585.0,-1689.0
(주)디제이씨한국다정,대광기누(M)백(10P),75.0,2027-02,62.0,45.0,28.0,11.0,-2.0,-15.0,-58.0,-71.0,-84.0,-97.0,-110.0,-119.0
(주)디제이씨한국다정,대광기누(M)살(10P),256.0,품절예상없음,216.0,205.0,170.0,156.0,149.0,124.0,120.0,111.0,102.0,94.0,86.0,78.0
(주)디제이씨한국다정,대광기누(M)청(10P)(3-2M),438.0,2026-11,218.0,-19.0,-93.0,-202.0,-313.0,-516.0,-834.0,-911.0,-926.0,-967.0,-1063.0,-1135.0
(주)디제이씨한국다정,대광기누(M)커(10P),1352.0,품절예상없음,1338.0,1316.0,1315.0,1309.0,1308.0,1303.0,1300.0,1299.0,1296.0,1295.0,1292.0,1286.0
(주)디제이씨한국다정,대광기누(M)홍(10P)(3-3M),169.0,2026-12,142.0,116.0,-3.0,-12.0,-34.0,-60.0,-61.0,-79.0,-191.0,-192.0,-193.0,-246.0
(주)디제이씨한국다정,대광기누(청)상L(10P),270.0,2026-12,227.0,56.0,-29.0,-114.0,-157.0,-242.0,-327.0,-412.0,-497.0,-582.0,-667.0,-752.0
(주)디제이씨한국다정,대광기누(청)상M(10P),30.0,2026-10,-21.0,-47.0,-73.0,-99.0,-150.0,-176.0,-202.0,-228.0,-248.0,-274.0,-300.0,-331.0
(주)디제이씨한국다정,대광밴드예식,13580.0,2026-10,-195.0,-12454.0,-24449.0,-34664.0,-45193.0,-61575.0,-72977.0,-80849.0,-92280.0,-95389.0,-104125.0,-118778.0
(주)디제이씨한국다정,대광예식(단추),6540.0,2026-11,1315.0,-3147.0,-8446.0,-11289.0,-13442.0,-23065.0,-28128.0,-32903.0,-35543.0,-37420.0,-40253.0,-41946.0
(주)디제이씨한국다정,대광예식(무단추),8900.0,품절예상없음,8268.0,7463.0,6888.0,6836.0,6209.0,4450.0,3783.0,3634.0,3318.0,3289.0,2714.0,2367.0
(주)디제이씨한국다정,오런커피위생(L)10P,0.0,2026-10,-462.0,-726.0,-1122.0,-1584.0,-2046.0,-2310.0,-2772.0,-3036.0,-3498.0,-4158.0,-4620.0,-5082.0
(주)디제이씨한국다정,오런커피위생(M)10P,0.0,2026-10,-419.0,-838.0,-1409.0,-1828.0,-2247.0,-2704.0,-3123.0,-3237.0,-3808.0,-4379.0,-4798.0,-5217.0
(주)디제이씨한국다정,크린랲예식장갑2켤레,12000.0,2027-02,7264.0,7116.0,4600.0,2084.0,-580.0,-3244.0,-4971.0,-9855.0,-11582.0,-13309.0,-13457.0,-13605.0
(주)디제이씨한국다정,파일럿2-6(단추),3600.0,2027-02,2791.0,1982.0,1173.0,54.0,-957.0,-2076.0,-2143.0,-3262.0,-5015.0,-5824.0,-7172.0,-8790.0
(주)디제이씨한국다정,파일럿2-6K(무단추),16620.0,2026-12,10167.0,2414.0,-7577.0,-18115.0,-26193.0,-37103.0,-46611.0,-50901.0,-56732.0,-65952.0,-72386.0,-80436.0
(주)디제이씨한국다정,후디스면장갑1호(단추),2680.0,2026-12,2318.0,1456.0,-364.0,-545.0,-1330.0,-1934.0,-2589.0,-2770.0,-3546.0,-4181.0,-4276.0,-5742.0
(주)디제이씨한국다정,후디스면장갑1호(무단추),3740.0,2026-11,1470.0,-549.0,-4133.0,-8268.0,-9622.0,-11965.0,-18816.0,-19748.0,-21370.0,-23494.0,-24913.0,-28902.0
(주)디제이씨한국다정,후디스면장갑1호(무단추)(여성용),1700.0,2026-11,592.0,-516.0,-1725.0,-2833.0,-3941.0,-5754.0,-6862.0,-7970.0,-9078.0,-10186.0,-11294.0,-12402.0
(주)디제이씨한국다정,후디스면장갑1호(밴드),-600.0,2026-10,-2355.0,-3506.0,-4676.0,-5261.0,-6431.0,-7582.0,-8947.0,-9825.0,-10995.0,-12146.0,-13316.0,-14486.0
(주)디제이씨한국다정,후디스면장갑2호(단추),4600.0,2027-01,3342.0,2783.0,846.0,-1972.0,-3944.0,-5440.0,-8502.0,-11648.0,-11928.0,-13075.0,-14194.0,-16438.0
(주)디제이씨한국다정,후디스면장갑2호(무단추),2070.0,2026-11,242.0,-2736.0,-5861.0,-7335.0,-10445.0,-13098.0,-18862.0,-21117.0,-42182.0,-46840.0,-47164.0,-51749.0
(주)디제이씨한국다정,후디스면장갑2호(밴드),9110.0,2026-12,6283.0,2798.0,-1156.0,-4735.0,-7694.0,-10484.0,-13076.0,-15659.0,-18120.0,-21933.0,-25164.0,-28480.0
(주)디제이씨한국다정,후디스면장갑3호(단추),-12770.0,2026-10,-14993.0,-21250.0,-27604.0,-35979.0,-37966.0,-43191.0,-44731.0,-52572.0,-55679.0,-59495.0,-66698.0,-67792.0
(주)디제이씨한국다정,후디스면장갑3호(무단추),1829.0,2026-10,-359.0,-2016.0,-5072.0,-7983.0,-10138.0,-13580.0,-16089.0,-16362.0,-22074.0,-24657.0,-27552.0,-29707.0
(주)디제이씨한국다정,후디스면장갑4호,12051.0,2026-12,9239.0,754.0,-3728.0,-13393.0,-17035.0,-23167.0,-28098.0,-31643.0,-37832.0,-43925.0,-50252.0,-56921.0
(주)디제이씨한국다정,후디스면장갑왕특단(무단추),1400.0,2026-12,348.0,296.0,-1048.0,-1798.0,-2558.0,-3714.0,-3724.0,-4682.0,-4692.0,-5630.0,-6151.0,-6682.0
(주)디제이씨한국다정,후디스엠보싱(노랑)기모,6300.0,2026-12,6289.0,6234.0,-54.0,-7020.0,-12242.0,-13418.0,-13456.0,-13494.0,-13532.0,-13570.0,-13581.0,-13647.0
(주)디제이씨한국다정,후디스엠보싱(노랑)사계(10-8A),190.0,2026-10,-5687.0,-14392.0,-19498.0,-22863.0,-26017.0,-38069.0,-50628.0,-55850.0,-56686.0,-57126.0,-58943.0,-66228.0
(주)디제이씨한국다정,후디스엠보싱(노랑)하계,20705.0,2027-07,20410.0,20385.0,20311.0,15182.0,14961.0,14003.0,11644.0,8057.0,4451.0,-11022.0,-13719.0,-16772.0
(주)디제이씨한국다정,후디스엠보싱(적색)사계(10-8AAA),-10.0,2026-10,-1449.0,-2398.0,-4787.0,-6732.0,-7620.0,-8370.0,-12581.0,-12933.0,-13255.0,-13408.0,-16027.0,-18018.0
(주)디제이씨한국다정,후디스엠보싱(적색)하계,4780.0,품절예상없음,4237.0,4229.0,4221.0,3678.0,3598.0,3421.0,3357.0,2176.0,1485.0,947.0,706.0,163.0
(주)디제이씨한국다정,후디스엠보싱(초록)사계(10-8AA),2960.0,2026-11,1151.0,-1472.0,-3594.0,-5525.0,-7089.0,-9787.0,-12183.0,-13287.0,-13734.0,-13795.0,-15048.0,-15206.0
(주)디제이씨한국다정,후디스엠보싱(초록)하계,7970.0,2027-05,5866.0,5781.0,5757.0,3653.0,3532.0,3217.0,2454.0,-532.0,-3445.0,-5643.0,-7611.0,-9410.0
(주)디제이씨한국다정,후디스엠보싱(파랑)기모,200.0,2026-12,161.0,44.0,-21.0,-1081.0,-2063.0,-2193.0,-2271.0,-2349.0,-2427.0,-2505.0,-2583.0,-2661.0
(주)디제이씨한국다정,후디스엠보싱(파랑)사계(10-8AAAA),2620.0,2026-11,772.0,-1175.0,-2657.0,-3596.0,-4602.0,-5637.0,-7841.0,-8315.0,-9873.0,-11764.0,-12072.0,-13543.0
(주)디제이씨한국다정,후디스엠보싱(파랑)하계,4120.0,2027-05,4049.0,4037.0,3990.0,3022.0,2904.0,2764.0,1326.0,-218.0,-1609.0,-2752.0,-2928.0,-3046.0
(주)명진,대광공업용흑9호,-180.0,2026-10,-359.0,-920.0,-1151.0,-1205.0,-1253.0,-1301.0,-1349.0,-1397.0,-1445.0,-1447.0,-1543.0,-1589.0
(주)명진,후디스고무장갑왕특대(XXL)투,10748.0,2026-12,7900.0,1227.0,-2049.0,-4891.0,-10081.0,-15332.0,-22132.0,-25918.0,-33246.0,-38702.0,-44495.0,-50487.0
(주)명진,후디스고무장갑왕특대(XXL)핑,2504.0,2026-11,815.0,-3429.0,-5532.0,-8604.0,-9326.0,-11938.0,-13829.0,-15244.0,-18804.0,-21818.0,-25432.0,-27139.0
(주)신성메이저글러브,로얄블루수입(S)(10P),0.0,2026-10,-55.0,-110.0,-165.0,-220.0,-275.0,-330.0,-385.0,-440.0,-463.0,-518.0,-605.0,-660.0
(주)윈윈트레이딩,대광공업용황10호,-1833.0,2026-10,-5709.0,-12072.0,-23603.0,-31644.0,-41404.0,-52062.0,-72630.0,-82483.0,-93700.0,-105760.0,-111167.0,-115991.0
(주)윈윈트레이딩,대광공업용황12호,167.0,2026-10,-629.0,-3283.0,-6209.0,-8921.0,-10986.0,-14955.0,-15071.0,-21937.0,-24772.0,-26746.0,-28503.0,-30175.0
(주)윈윈트레이딩,대광공업용황9호,1638.0,2026-10,-2401.0,-8374.0,-16238.0,-20982.0,-23949.0,-32984.0,-42127.0,-46027.0,-57109.0,-62918.0,-71852.0,-74273.0
(주)케이아이패션,후디스쿨토시(검정),9783.0,2027-07,9581.0,9369.0,9316.0,7786.0,7698.0,6815.0,4644.0,3880.0,369.0,-1403.0,-2183.0,-2364.0
(주)케이아이패션,후디스쿨토시(남색),1495.0,2027-07,1323.0,1151.0,979.0,807.0,806.0,799.0,524.0,192.0,171.0,-56.0,-59.0,-231.0
(주)케이아이패션,후디스쿨토시(백색),5510.0,2027-06,5429.0,4589.0,3749.0,2909.0,2859.0,2362.0,1778.0,769.0,-768.0,-1680.0,-2451.0,-2680.0
(주)케이아이패션,후디스쿨토시(보라),2319.0,품절예상없음,2318.0,2180.0,2042.0,1904.0,1766.0,1628.0,1172.0,1093.0,1027.0,943.0,942.0,804.0
(주)케이아이패션,후디스쿨토시(연보라),4410.0,품절예상없음,4403.0,4396.0,4389.0,4382.0,4375.0,4368.0,4361.0,4354.0,4347.0,4340.0,4333.0,4326.0
(주)케이아이패션,후디스쿨토시(연핑크),1010.0,2027-04,852.0,694.0,536.0,378.0,220.0,62.0,-164.0,-278.0,-391.0,-572.0,-730.0,-888.0
(주)케이아이패션,후디스쿨토시(초록),1040.0,품절예상없음,989.0,938.0,887.0,836.0,833.0,820.0,817.0,584.0,578.0,564.0,563.0,512.0
(주)케이아이패션,후디스쿨토시(카키),150.0,2027-07,131.0,112.0,93.0,74.0,55.0,36.0,17.0,16.0,15.0,-77.0,-78.0,-80.0
(주)케이아이패션,후디스쿨토시(파랑),1481.0,2027-02,1093.0,705.0,317.0,316.0,-72.0,-460.0,-1110.0,-1582.0,-1867.0,-2231.0,-2401.0,-2789.0
(주)케이아이패션,후디스쿨토시(하늘),420.0,2026-11,111.0,-198.0,-507.0,-816.0,-1125.0,-1434.0,-1654.0,-2142.0,-2303.0,-2669.0,-2978.0,-3287.0
(주)케이아이패션,후디스쿨토시(회색),2572.0,2027-08,2512.0,2402.0,2391.0,2046.0,2045.0,1875.0,1344.0,1068.0,542.0,9.0,-142.0,-197.0
공동글러브(형제글러브신규),오런청포도이중코팅,0.0,2026-10,-100.0,-200.0,-300.0,-400.0,-500.0,-600.0,-700.0,-800.0,-900.0,-1000.0,-1100.0,-1200.0
광개토안전공사,솔벡스(GN-8호),60.0,2026-10,-5.0,-70.0,-122.0,-174.0,-226.0,-291.0,-356.0,-421.0,-473.0,-514.0,-576.0,-680.0
광개토안전공사,솔벡스10호,-24.0,2026-10,-211.0,-289.0,-351.0,-429.0,-616.0,-678.0,-928.0,-959.0,-990.0,-1068.0,-1099.0,-1146.0
광명코팅(신규),새마을노랑반코팅,0.0,2026-10,-67.0,-134.0,-201.0,-268.0,-335.0,-402.0,-469.0,-536.0,-603.0,-670.0,-737.0,-804.0
광명코팅(신규),새마을도트(대)검10P,130.0,2026-11,29.0,-99.0,-189.0,-201.0,-294.0,-407.0,-736.0,-771.0,-898.0,-920.0,-932.0,-1136.0
광명코팅(신규),새마을도트(대)파10P,0.0,2026-10,-74.0,-148.0,-222.0,-296.0,-308.0,-320.0,-394.0,-468.0,-539.0,-613.0,-618.0,-765.0
광명코팅(신규),새마을도트(대)회10P,75.0,2026-11,67.0,-29.0,-46.0,-63.0,-97.0,-135.0,-181.0,-189.0,-206.0,-217.0,-234.0,-236.0
광명코팅(신규),새마을도트(소)검10P,0.0,2026-10,-10.0,-75.0,-179.0,-189.0,-254.0,-264.0,-348.0,-413.0,-472.0,-537.0,-602.0,-654.0
광명코팅(신규),새마을도트(소)적10P,70.0,2026-12,37.0,4.0,-29.0,-35.0,-68.0,-80.0,-140.0,-173.0,-206.0,-212.0,-245.0,-278.0
광명코팅(신규),새마을도트(소)파10P,5.0,2026-10,-29.0,-63.0,-97.0,-103.0,-109.0,-143.0,-203.0,-215.0,-249.0,-255.0,-289.0,-349.0
광명코팅(신규),새마을도트(소)회10P,65.0,2027-03,53.0,41.0,29.0,17.0,5.0,-7.0,-19.0,-31.0,-43.0,-55.0,-67.0,-79.0
광명코팅(신규),새마을도트(중)검10P,30.0,2026-10,-55.0,-122.0,-299.0,-483.0,-545.0,-679.0,-984.0,-1002.0,-1262.0,-1446.0,-1531.0,-1782.0
광명코팅(신규),새마을도트(중)백10P,0.0,2026-10,-50.0,-100.0,-150.0,-200.0,-250.0,-300.0,-350.0,-400.0,-450.0,-500.0,-550.0,-600.0
광명코팅(신규),새마을도트(중)적10P,25.0,2026-11,2.0,-21.0,-44.0,-50.0,-56.0,-79.0,-138.0,-144.0,-167.0,-190.0,-213.0,-219.0
광명코팅(신규),새마을도트(중)파10P,40.0,2026-10,-39.0,-118.0,-197.0,-276.0,-288.0,-300.0,-421.0,-433.0,-494.0,-573.0,-626.0,-771.0
광명코팅(신규),새마을도트(중)회10P,25.0,2026-11,11.0,-51.0,-75.0,-80.0,-91.0,-105.0,-132.0,-140.0,-151.0,-165.0,-179.0,-190.0
광명코팅(신규),새마을면완전코팅,800.0,2026-11,313.0,-417.0,-904.0,-985.0,-1472.0,-1553.0,-1959.0,-2446.0,-2933.0,-3420.0,-3988.0,-4475.0
광명코팅(신규),새마을실완전코팅,900.0,2026-11,594.0,-221.0,-1410.0,-2021.0,-2225.0,-2734.0,-4466.0,-5655.0,-6368.0,-7557.0,-8678.0,-9867.0
광명코팅(신규),새마을이중코팅,2000.0,2026-10,-4064.0,-12553.0,-16920.0,-22492.0,-25524.0,-31768.0,-38979.0,-42175.0,-48566.0,-51680.0,-56146.0,-58653.0
광명코팅(신규),후디스더블NBR(L)적,453.0,2026-11,355.0,-37.0,-219.0,-226.0,-324.0,-334.0,-422.0,-429.0,-602.0,-644.0,-822.0,-920.0
광명코팅(신규),후디스더블NBR(L)파,120.0,2026-10,-791.0,-1627.0,-2161.0,-3083.0,-3284.0,-3669.0,-4553.0,-4943.0,-6379.0,-9669.0,-9691.0,-10786.0
광명코팅(신규),후디스더블NBR(M)적,4080.0,품절예상없음,4009.0,3813.0,3704.0,3633.0,3556.0,3471.0,3470.0,3399.0,3328.0,3206.0,3097.0,3044.0
광명코팅(신규),후디스더블NBR(M)파,837.0,2026-11,207.0,-314.0,-444.0,-705.0,-893.0,-984.0,-1274.0,-1397.0,-2109.0,-2254.0,-2529.0,-2751.0
광명코팅(신규),후디스더블NBR(S)검,3000.0,품절예상없음,2985.0,2970.0,2955.0,2940.0,2835.0,2817.0,2802.0,2798.0,2783.0,2768.0,2742.0,2727.0
광명코팅(신규),후디스더블NBR(S)적,6720.0,품절예상없음,6672.0,6573.0,6558.0,6465.0,6457.0,6363.0,6315.0,6267.0,6219.0,6215.0,6167.0,6075.0
광명코팅(신규),후디스더블NBR(S)파,910.0,2027-06,778.0,647.0,502.0,436.0,291.0,288.0,222.0,77.0,-148.0,-293.0,-438.0,-583.0
기타,NBR장갑(10켤레)(L),0.0,2026-10,-2.0,-27.0,-667.0,-669.0,-694.0,-719.0,-744.0,-769.0,-794.0,-819.0,-844.0,-869.0
기타,NBR장갑(10켤레)(M),0.0,2026-10,-42.0,-75.0,-359.0,-369.0,-374.0,-394.0,-419.0,-469.0,-494.0,-527.0,-560.0,-593.0
기타,가정용고무장갑,0.0,2026-10,-180.0,-360.0,-540.0,-720.0,-900.0,-1080.0,-1260.0,-1440.0,-1620.0,-1800.0,-1980.0,-2160.0
기타,고탄력도트 흰색 대,0.0,2026-10,-30.0,-60.0,-90.0,-120.0,-150.0,-170.0,-200.0,-230.0,-270.0,-280.0,-310.0,-350.0
기타,고탄력블루 대(L),0.0,2026-10,-350.0,-700.0,-820.0,-1170.0,-1200.0,-1320.0,-1530.0,-1800.0,-2595.0,-2790.0,-3165.0,-3420.0
기타,고탄력블루 롱-대(L),0.0,2026-10,-13.0,-130.0,-247.0,-364.0,-481.0,-598.0,-715.0,-832.0,-1053.0,-1144.0,-1261.0,-1300.0
기타,고탄력블루 롱-소(S),0.0,2026-10,-454.0,-467.0,-599.0,-1053.0,-1507.0,-1961.0,-2415.0,-2869.0,-3781.0,-4072.0,-4231.0,-4685.0
기타,고탄력블루 롱-중(M),0.0,2026-10,-60.0,-120.0,-180.0,-240.0,-300.0,-360.0,-420.0,-480.0,-505.0,-530.0,-555.0,-721.0
기타,고탄력블루 소(S),0.0,2026-10,-439.0,-2197.0,-3365.0,-4533.0,-4594.0,-4960.0,-5241.0,-6730.0,-9501.0,-10417.0,-11528.0,-11967.0
기타,고탄력블루 중(M),0.0,2026-10,-102.0,-1178.0,-1587.0,-2663.0,-2731.0,-3157.0,-3617.0,-4520.0,-6769.0,-7468.0,-7979.0,-9615.0
기타,나비파랑니트릴위생장갑100매(L)10PK,0.0,2026-10,-300.0,-600.0,-900.0,-1200.0,-1500.0,-1800.0,-2100.0,-2400.0,-2700.0,-3000.0,-3300.0,-3600.0
기타,나일론내피(M)청,0.0,2026-10,-22.0,-44.0,-66.0,-88.0,-110.0,-132.0,-154.0,-176.0,-198.0,-220.0,-242.0,-264.0
기타,다목적 접이식 가방,0.0,2026-10,-2.0,-4.0,-6.0,-8.0,-10.0,-12.0,-14.0,-16.0,-18.0,-20.0,-21.0,-23.0
기타,"대광고무장갑(L)핑(10켤레)""바코드작업""",0.0,2026-10,-533.0,-1066.0,-1599.0,-2132.0,-2665.0,-3198.0,-3731.0,-4264.0,-4797.0,-5330.0,-5863.0,-6396.0
기타,"대광고무장갑(M)핑(10켤레)""바코드작업""",0.0,2026-10,-533.0,-1066.0,-1599.0,-2132.0,-2665.0,-3198.0,-3731.0,-4264.0,-4797.0,-5330.0,-5863.0,-6396.0
기타,대광공업용흑10호(new),0.0,2026-10,-1400.0,-2800.0,-4200.0,-5600.0,-7000.0,-8400.0,-9800.0,-11200.0,-12600.0,-14000.0,-15400.0,-16800.0
기타,대광실완전코팅(5P)(영남),120.0,2027-02,109.0,75.0,41.0,7.0,-80.0,-114.0,-251.0,-308.0,-395.0,-482.0,-569.0,-637.0
기타,디스펜서,0.0,2026-10,-60.0,-120.0,-180.0,-240.0,-300.0,-360.0,-420.0,-480.0,-540.0,-600.0,-660.0,-720.0
기타,마미손특대오른손2개(100입),0.0,2026-10,-100.0,-200.0,-300.0,-400.0,-500.0,-600.0,-700.0,-800.0,-900.0,-1000.0,-1100.0,-1200.0
기타,마미손특대왼손2개(100입),0.0,2026-10,-100.0,-200.0,-300.0,-400.0,-500.0,-600.0,-700.0,-800.0,-900.0,-1000.0,-1100.0,-1200.0
기타,멀티등외품,0.0,2026-10,-720.0,-960.0,-2320.0,-3280.0,-4240.0,-5200.0,-6160.0,-7120.0,-8080.0,-9040.0,-10000.0,-10960.0
기타,멀티등외품(A),0.0,2026-10,-866.0,-1732.0,-2598.0,-4087.0,-6511.0,-7550.0,-8935.0,-9974.0,-11705.0,-17072.0,-17764.0,-18976.0
기타,면마스크(백색)(A),1200.0,2026-10,-160.0,-1435.0,-2710.0,-4070.0,-5430.0,-6790.0,-8065.0,-9425.0,-10700.0,-12060.0,-13420.0,-14950.0
기타,보생미니,0.0,2026-10,-3000.0,-6000.0,-9000.0,-12000.0,-15000.0,-18000.0,-21000.0,-24000.0,-27000.0,-30000.0,-33000.0,-36000.0
기타,빠레트 운임 할인분,0.0,2026-10,-1.0,-2.0,-3.0,-4.0,-5.0,-6.0,-7.0,-8.0,-9.0,-10.0,-11.0,-12.0
기타,스텐집게,-4.0,2026-10,-10.0,-31.0,-46.0,-59.0,-63.0,-71.0,-75.0,-76.0,-78.0,-83.0,-84.0,-92.0
기타,오런 바로톡메디장갑125매(XS)세트,0.0,2026-10,-16.0,-32.0,-48.0,-64.0,-80.0,-96.0,-112.0,-128.0,-144.0,-160.0,-176.0,-192.0
기타,오런 바로톡메디장갑125매(XS)출시팩,0.0,2026-10,-12.0,-24.0,-36.0,-48.0,-60.0,-72.0,-84.0,-96.0,-108.0,-120.0,-132.0,-144.0
기타,오런고탄력PU(S)회 손끝(10P),0.0,2026-10,-26.0,-52.0,-78.0,-104.0,-130.0,-143.0,-169.0,-195.0,-221.0,-247.0,-273.0,-299.0
기타,오런기사님3P,0.0,2026-10,-785.0,-1491.0,-2096.0,-2398.0,-3024.0,-3506.0,-3607.0,-4010.0,-4212.0,-4414.0,-4515.0,-4956.0
기타,오런라이트(L)회,2516.0,2026-10,-9348.0,-25719.0,-46104.0,-56183.0,-74629.0,-84457.0,-109024.0,-133220.0,-146339.0,-164889.0,-176691.0,-188441.0
기타,오런라이트(M)회,-582.0,2026-10,-10980.0,-21903.0,-30426.0,-39100.0,-48670.0,-62904.0,-76130.0,-84799.0,-98365.0,-109188.0,-118411.0,-127273.0
기타,오런라이트(S)회,240.0,2026-10,-5158.0,-10328.0,-13092.0,-18488.0,-23534.0,-27586.0,-35720.0,-41226.0,-47532.0,-51560.0,-56459.0,-62099.0
기타,오런라이트B급,0.0,2026-10,-57.0,-114.0,-171.0,-228.0,-229.0,-251.0,-308.0,-363.0,-420.0,-530.0,-535.0,-592.0
기타,오런멀티1P(L)남색,0.0,2026-12,,,-15.0,,-17.0,,,,,,,
기타,오런멀티1P(S)자주,0.0,2026-10,-193.0,-517.0,-730.0,-899.0,-968.0,-1033.0,-1047.0,-1058.0,-1064.0,-1083.0,-1106.0,-1146.0
기타,오런멀티5P(L)적,-40.0,2026-10,-68.0,-96.0,-98.0,-126.0,-154.0,-172.0,-179.0,-207.0,-256.0,-284.0,-312.0,-340.0
기타,오런멀티5P(M)적,-2.0,2026-11,,-6.0,-12.0,-16.0,-20.0,-22.0,-24.0,-30.0,-37.0,-41.0,-42.0,-44.0
기타,오런반코팅1P,600.0,2026-10,-2270.0,-2801.0,-3332.0,-3863.0,-6733.0,-9603.0,-12473.0,-14067.0,-16724.0,-17255.0,-25758.0,-26821.0
기타,오런반코팅3P(신규바코드),100.0,2026-10,-551.0,-1191.0,-1669.0,-1989.0,-2520.0,-3169.0,-3532.0,-4279.0,-5079.0,-5826.0,-6042.0,-6896.0
기타,오런알로에텍스위생10매(M),0.0,2026-10,-282.0,-376.0,-658.0,-940.0,-1222.0,-1504.0,-1786.0,-1974.0,-2256.0,-2538.0,-2914.0,-3196.0
기타,오런에어폼(L)회,1744.0,2026-12,1181.0,1124.0,-709.0,-1291.0,-1565.0,-2007.0,-2431.0,-2591.0,-2986.0,-3616.0,-4119.0,-4503.0
기타,오런에어폼(M)하늘,0.0,2026-10,-6.0,-42.0,-55.0,-81.0,-120.0,-152.0,-188.0,-234.0,-260.0,-296.0,-332.0,-368.0
기타,오런에어폼(M)회,-20.0,2026-10,-51.0,-96.0,-2472.0,-3125.0,-3284.0,-3822.0,-4348.0,-4677.0,-5269.0,-5437.0,-5615.0,-5974.0
기타,오런에어폼(S)핑,0.0,2026-10,-25.0,-172.0,-200.0,-240.0,-261.0,-279.0,-286.0,-320.0,-355.0,-380.0,-405.0,-430.0
기타,오런에어폼(S)회,-65.0,2026-10,-212.0,-223.0,-1095.0,-1282.0,-1897.0,-2188.0,-2524.0,-2672.0,-2969.0,-3062.0,-3137.0,-3341.0
기타,오런예식10P(영남),-60.0,2026-10,-149.0,-416.0,-639.0,-817.0,-906.0,-1040.0,-1397.0,-1754.0,-1932.0,-2021.0,-2066.0,-2200.0
기타,오런오렌지이중코팅(A),0.0,2026-10,-100.0,-200.0,-300.0,-400.0,-500.0,-600.0,-700.0,-800.0,-900.0,-1000.0,-1100.0,-1200.0
기타,오런줄기사3P,0.0,2026-10,-377.0,-754.0,-943.0,-1132.0,-1321.0,-1698.0,-1887.0,-2641.0,-3018.0,-3395.0,-3772.0,-3961.0
기타,오런탑(M)하늘,-200.0,2026-10,-500.0,-900.0,-1300.0,-1450.0,-1850.0,-2250.0,-2700.0,-3100.0,-3500.0,-3800.0,-4200.0,-4650.0
기타,오런탑(S)핑크,0.0,2026-10,-160.0,-240.0,-320.0,-480.0,-560.0,-640.0,-720.0,-800.0,-880.0,-960.0,-1040.0,-1120.0
기타,오런탑도트(M)하늘,237.0,2027-01,141.0,69.0,39.0,-13.0,-16.0,-76.0,-148.0,-175.0,-227.0,-389.0,-443.0,-506.0
기타,오런투라인10P(영남),120.0,2026-10,-161.0,-285.0,-359.0,-483.0,-607.0,-657.0,-880.0,-1128.0,-1153.0,-1178.0,-1203.0,-1228.0
기타,오런투라인장갑10P(식자재),90.0,2026-10,-17.0,-61.0,-149.0,-256.0,-322.0,-386.0,-493.0,-536.0,-600.0,-664.0,-685.0,-771.0
기타,"오런포리PU(L)회손바닥(10P)(A)""바코드작업",0.0,2026-10,-55.0,-110.0,-138.0,-166.0,-194.0,-222.0,-250.0,-278.0,-306.0,-334.0,-362.0,-390.0
기타,오런포리PU(L)회손바닥(10P)(U)바코드작업,-50.0,2026-10,-150.0,-250.0,-350.0,-450.0,-550.0,-600.0,-650.0,-750.0,-850.0,-950.0,-1100.0,-1200.0
기타,오런포리PU(M)회손바닥(10P)(U)바코드작업,0.0,2026-10,-60.0,-120.0,-180.0,-240.0,-300.0,-350.0,-400.0,-460.0,-560.0,-610.0,-660.0,-710.0
기타,오런표백도트장갑10P(식자재),90.0,2026-12,41.0,17.0,-32.0,-81.0,-130.0,-154.0,-252.0,-276.0,-325.0,-374.0,-423.0,-447.0
기타,오런표백실장갑5P(영남),660.0,2027-02,343.0,216.0,154.0,91.0,-99.0,-226.0,-479.0,-859.0,-1049.0,-1239.0,-1302.0,-1365.0
기타,오런행사용장갑10P(식자재),60.0,2026-10,-97.0,-203.0,-255.0,-513.0,-515.0,-567.0,-722.0,-825.0,-1031.0,-1165.0,-1268.0,-1371.0
기타,오런행사용장갑2P(밴드),250.0,2026-10,-28.0,-762.0,-1238.0,-1739.0,-2254.0,-2495.0,-3218.0,-4150.0,-4662.0,-4899.0,-4946.0,-5733.0
기타,응원장갑(청),0.0,2026-10,-143.0,-286.0,-429.0,-572.0,-872.0,-902.0,-1202.0,-1282.0,-1332.0,-1475.0,-1618.0,-1761.0
기타,절단방지코팅장갑(L)1P,0.0,2026-10,-12.0,-24.0,-36.0,-48.0,-60.0,-72.0,-84.0,-104.0,-114.0,-124.0,-134.0,-146.0
기타,절단방지코팅장갑(M),0.0,2026-10,-7.0,-14.0,-21.0,-28.0,-35.0,-36.0,-43.0,-50.0,-57.0,-64.0,-71.0,-78.0
기타,줄기사 1p,0.0,2026-10,-4780.0,-9560.0,-14340.0,-19120.0,-23900.0,-28680.0,-33460.0,-38240.0,-43020.0,-47800.0,-52580.0,-57360.0
기타,지연입고 상금,0.0,2026-10,-1.0,-2.0,-3.0,-4.0,-5.0,-6.0,-7.0,-8.0,-9.0,-10.0,-11.0,-12.0
기타,청포도 + 오렌지 작업 필요,0.0,2026-10,-20.0,-40.0,-60.0,-80.0,-100.0,-120.0,-140.0,-160.0,-180.0,-200.0,-220.0,-240.0
기타,크린랲반코팅장갑3켤레,600.0,2026-10,-756.0,-2640.0,-3770.0,-6482.0,-7461.0,-8591.0,-10550.0,-11529.0,-11604.0,-11679.0,-11754.0,-12055.0
기타,크린랲완전코팅,-1.0,2026-10,-276.0,-894.0,-1169.0,-1375.0,-1993.0,-2405.0,-2680.0,-2955.0,-3230.0,-3436.0,-3848.0,-4054.0
기타,한스피엠아이 메디 차액 정산,0.0,2026-10,-140.0,-280.0,-420.0,-560.0,-700.0,-840.0,-980.0,-1120.0,-1260.0,-1400.0,-1540.0,-1680.0
기타,화로장갑(L)(1P),-1.0,2026-10,-11.0,-12.0,-14.0,-26.0,-28.0,-40.0,-52.0,-59.0,-78.0,-91.0,-94.0,-115.0
기타,화로장갑(M)(1P),0.0,2026-10,-31.0,-56.0,-57.0,-82.0,-107.0,-132.0,-216.0,-221.0,-247.0,-252.0,-257.0,-279.0
기타,화로장갑(long)(L)(1P),-5.0,2026-10,-8.0,-11.0,-12.0,-15.0,-18.0,-25.0,-28.0,-31.0,-34.0,-37.0,-40.0,-43.0
기타,화로장갑(long)(M)(1P),0.0,2026-10,-10.0,-16.0,-21.0,-22.0,-23.0,-25.0,-26.0,-27.0,-28.0,-29.0,-30.0,-31.0
기타,후디스PU코팅(L)(회)1P(신규바코드),0.0,2026-10,-448.0,-523.0,-598.0,-785.0,-860.0,-935.0,-1010.0,-1085.0,-1160.0,-1235.0,-1310.0,-1385.0
기타,후디스PU코팅(M)(회)1P(신규바코드),0.0,2026-10,-140.0,-280.0,-420.0,-912.0,-1052.0,-1192.0,-1332.0,-1472.0,-1612.0,-1752.0,-1892.0,-2032.0
기타,후디스PU코팅(S)(회)1P(신규바코드),0.0,2026-10,-83.0,-166.0,-331.0,-414.0,-497.0,-580.0,-663.0,-746.0,-829.0,-912.0,-995.0,-1078.0
기타,후디스고무장갑(L)투(5P)(A),320.0,2026-12,214.0,1.0,-212.0,-384.0,-530.0,-729.0,-756.0,-849.0,-982.0,-995.0,-1022.0,-1080.0
기타,"후디스고무장갑(L)핑(5P) ""바코드작업""",0.0,2026-10,-61.0,-162.0,-263.0,-324.0,-425.0,-608.0,-669.0,-710.0,-771.0,-852.0,-913.0,-974.0
기타,후디스고무장갑(L)핑(5P)(A),-60.0,2026-10,-273.0,-678.0,-1048.0,-1327.0,-1522.0,-1822.0,-1892.0,-2101.0,-2450.0,-2502.0,-2711.0,-2806.0
기타,후디스고무장갑(M)투(5P)(A),0.0,2026-10,-227.0,-373.0,-698.0,-958.0,-1153.0,-1250.0,-1380.0,-1542.0,-1672.0,-1753.0,-1883.0,-2012.0
기타,"후디스고무장갑(M)핑(5P) ""바코드작업""",0.0,2026-10,-41.0,-164.0,-225.0,-286.0,-327.0,-409.0,-450.0,-552.0,-617.0,-699.0,-760.0,-801.0
기타,후디스고무장갑(M)핑(5P)(A),620.0,2026-11,344.0,-69.0,-464.0,-634.0,-910.0,-1221.0,-1460.0,-1767.0,-1835.0,-2142.0,-2227.0,-2363.0
기타,후디스고무장갑(S)투(5P)(A),-120.0,2026-10,-260.0,-420.0,-500.0,-820.0,-900.0,-980.0,-1060.0,-1220.0,-1260.0,-1700.0,-1780.0,-1940.0
기타,"후디스고무장갑(S)핑(5P) ""바코드작업""",0.0,2026-10,-56.0,-137.0,-193.0,-213.0,-233.0,-274.0,-335.0,-396.0,-452.0,-513.0,-554.0,-610.0
기타,후디스고무장갑(S)핑(5P)(A),760.0,품절예상없음,683.0,617.0,584.0,562.0,540.0,518.0,452.0,430.0,419.0,408.0,384.0,373.0
기타,후디스고무장갑(XL)투(5P)(A),680.0,2027-08,624.0,511.0,440.0,398.0,327.0,299.0,228.0,143.0,101.0,87.0,-12.0,-15.0
기타,"후디스고무장갑(XL)핑(5P)""바코드작업""",0.0,2026-10,-66.0,-110.0,-154.0,-242.0,-286.0,-330.0,-374.0,-484.0,-572.0,-660.0,-770.0,-858.0
기타,후디스고무장갑(XL)핑(5P)(A),160.0,2026-11,86.0,-23.0,-132.0,-167.0,-311.0,-367.0,-472.0,-560.0,-683.0,-718.0,-771.0,-841.0
기타,후디스다용도미니3P(노랑),238.0,2026-11,230.0,-433.0,-493.0,-8993.0,-9054.0,-9669.0,-10099.0,-10220.0,-15023.0,-15033.0,-15116.0,-15170.0
기타,후디스다용도미니3P(백색),-52.0,2026-10,-224.0,-530.0,-871.0,-1739.0,-2047.0,-2501.0,-3186.0,-3347.0,-4220.0,-5278.0,-6232.0,-6572.0
기타,후디스면장갑2P(슈퍼용),700.0,품절예상없음,679.0,658.0,637.0,616.0,371.0,350.0,329.0,308.0,287.0,266.0,245.0,224.0
기타,후디스면장갑3호(단추)(납품용),0.0,2026-10,-16651.0,-31710.0,-42466.0,-63979.0,-80630.0,-102143.0,-123656.0,-140307.0,-156872.0,-178385.0,-195595.0,-202049.0
기타,후디스면장갑4호(여성용),3400.0,2027-03,2560.0,2280.0,1440.0,600.0,180.0,-660.0,-1500.0,-2340.0,-3180.0,-4020.0,-4860.0,-5700.0
기타,"후디스미니(L)노(10P) ""바코드작업""",0.0,2026-10,-73.0,-146.0,-219.0,-292.0,-365.0,-474.0,-547.0,-583.0,-656.0,-729.0,-802.0,-911.0
기타,후디스미니(L)흰(10P) 오른손,0.0,2026-10,-60.0,-120.0,-180.0,-240.0,-300.0,-360.0,-420.0,-480.0,-540.0,-600.0,-660.0,-720.0
기타,후디스미니(L)흰(10P) 왼손,0.0,2026-10,-60.0,-120.0,-180.0,-240.0,-300.0,-360.0,-420.0,-480.0,-540.0,-600.0,-660.0,-720.0
기타,"후디스미니(S)노(10P) ""바코드작업""",0.0,2026-10,-53.0,-79.0,-105.0,-131.0,-157.0,-236.0,-262.0,-288.0,-314.0,-340.0,-366.0,-392.0
기타,후디스실장갑2P,0.0,2026-10,-133.0,-266.0,-399.0,-931.0,-1064.0,-1197.0,-1330.0,-1463.0,-1596.0,-1729.0,-1862.0,-1995.0
기타,후디스에어폼(L)적,120.0,2026-12,89.0,2.0,-6.0,-37.0,-68.0,-77.0,-108.0,-139.0,-170.0,-201.0,-232.0,-263.0
기타,후디스에어폼(L)파,2340.0,2026-11,858.0,-1031.0,-3216.0,-5160.0,-6151.0,-9382.0,-10900.0,-12047.0,-16352.0,-17647.0,-19776.0,-21091.0
기타,후디스에어폼(M)적,1907.0,2027-06,1733.0,1509.0,1347.0,1341.0,985.0,823.0,467.0,111.0,-245.0,-601.0,-957.0,-1313.0
기타,후디스에어폼(M)파,600.0,2026-10,-229.0,-1054.0,-2587.0,-3101.0,-3202.0,-4280.0,-5333.0,-6554.0,-8701.0,-9754.0,-10263.0,-10767.0
기타,후디스에어폼(S)검,5760.0,품절예상없음,5746.0,5565.0,5522.0,5348.0,5178.0,5171.0,5004.0,4670.0,4503.0,4333.0,4163.0,4150.0
기타,후디스에어폼(S)적,2040.0,품절예상없음,1845.0,1689.0,1688.0,1659.0,1653.0,1315.0,1120.0,925.0,769.0,444.0,249.0,145.0
기타,후디스에어폼(S)파,420.0,2026-10,-192.0,-1111.0,-1624.0,-1913.0,-1945.0,-2778.0,-3163.0,-3772.0,-4381.0,-5722.0,-6123.0,-6785.0
기타,후디스엠보싱(노랑)여성용(사계),5700.0,품절예상없음,5070.0,4845.0,4365.0,4140.0,4110.0,2415.0,2369.0,1964.0,1859.0,1619.0,1436.0,1316.0
기타,후디스엠보싱(노랑)여성용(하계),0.0,2026-10,-7.0,-147.0,-371.0,-395.0,-419.0,-615.0,-657.0,-681.0,-688.0,-712.0,-736.0,-760.0
기타,후디스엠보싱(백색)하계,0.0,2026-10,-150.0,-300.0,-450.0,-600.0,-750.0,-900.0,-1050.0,-1200.0,-1350.0,-1500.0,-1650.0,-1800.0
기타,후디스엠보싱(적색)여성용(사계),10400.0,품절예상없음,10291.0,10182.0,10014.0,9866.0,9757.0,9638.0,9539.0,9480.0,9411.0,9371.0,9312.0,9282.0
기타,후디스엠보싱(적색)여성용(하계),370.0,2027-01,325.0,160.0,100.0,-240.0,-580.0,-625.0,-640.0,-1015.0,-1450.0,-2215.0,-2470.0,-2665.0
기타,후디스장갑(M)핑왼손1개,1270.0,2027-01,1032.0,497.0,126.0,-474.0,-1558.0,-1796.0,-3103.0,-4618.0,-5346.0,-6230.0,-6839.0,-7848.0
기타,후디스장갑주름(L)핑왼손1개,2400.0,2027-07,2170.0,1891.0,1542.0,1341.0,1164.0,934.0,733.0,197.0,44.0,-444.0,-793.0,-879.0
기타,후디스쿨토시(민트),0.0,2026-10,-2.0,-4.0,-6.0,-8.0,-10.0,-13.0,-14.0,-15.0,-16.0,-21.0,-23.0,-25.0
다정(손사랑예식),손사랑T/C예식(1000입),134990.0,2027-01,103533.0,57195.0,6435.0,-36528.0,-73569.0,-110263.0,-173240.0,-197890.0,-235865.0,-255559.0,-283229.0,-308602.0
다정(오런100),오런#100(L),5108.0,2027-01,3791.0,2322.0,930.0,-489.0,-1970.0,-3418.0,-5225.0,-6478.0,-7322.0,-9197.0,-10866.0,-12733.0
다정(오런100),오런#100(XL),20792.0,2027-02,16193.0,10752.0,5689.0,302.0,-2589.0,-7758.0,-13371.0,-15848.0,-18316.0,-23982.0,-26614.0,-30877.0
다정(오런100),오런#100(XXL),8368.0,2027-03,6377.0,5302.0,3725.0,2012.0,510.0,-356.0,-2520.0,-3313.0,-4331.0,-5597.0,-6379.0,-7817.0
대광기모(킹스톤),대광기모고무장갑,28390.0,2026-11,22335.0,-1487.0,-9487.0,-10690.0,-11467.0,-12198.0,-12519.0,-13446.0,-14248.0,-14406.0,-14529.0,-15178.0
대성산업(신규),대광고무장갑M(300입)적,4070.0,2026-10,-545.0,-7320.0,-16353.0,-23864.0,-28184.0,-34409.0,-43757.0,-50277.0,-60371.0,-62217.0,-63759.0,-70976.0
대성산업(신규),두말표고무장갑,970.0,2026-10,-5267.0,-10635.0,-20573.0,-27485.0,-36136.0,-41739.0,-51782.0,-58623.0,-68645.0,-72469.0,-74821.0,-82541.0
대성산업(신규),두말표고무장갑(오른손),1250.0,2026-11,600.0,-50.0,-700.0,-1675.0,-2325.0,-2975.0,-3625.0,-3950.0,-4925.0,-5575.0,-6225.0,-6875.0
대성산업(신규),두말표고무장갑(왼손),1250.0,2026-12,706.0,162.0,-655.0,-1472.0,-1744.0,-2561.0,-3378.0,-4195.0,-5556.0,-6100.0,-6644.0,-7461.0
대성산업(신규),이태리고무장갑(L),0.0,2026-10,-160.0,-480.0,-640.0,-960.0,-1280.0,-1600.0,-1920.0,-2240.0,-2560.0,-2880.0,-3200.0,-3520.0
대성산업(신규),코스모스,0.0,2026-10,-299.0,-598.0,-897.0,-1195.0,-1494.0,-1793.0,-2092.0,-2391.0,-2690.0,-2989.0,-3288.0,-3587.0
동래장갑(신규),스카지,0.0,2026-10,-206.0,-437.0,-694.0,-925.0,-976.0,-1438.0,-1592.0,-1900.0,-2131.0,-2362.0,-2593.0,-2824.0
동진장갑,실장갑45g(10P),-90.0,2026-10,-1059.0,-1771.0,-2677.0,-3412.0,-4273.0,-5265.0,-6382.0,-7151.0,-8108.0,-8822.0,-9536.0,-9547.0
동진장갑,오런실장갑35죽포(10P),0.0,2026-10,-4568.0,-8690.0,-10159.0,-12113.0,-12149.0,-12185.0,-12221.0,-12257.0,-12293.0,-12329.0,-12365.0,-12401.0
말레이시아(하트알레가),나비라텍스위생장갑(L),0.0,2026-10,-2804.0,-5608.0,-8412.0,-11216.0,-14020.0,-16824.0,-19628.0,-22432.0,-25236.0,-28040.0,-30844.0,-33648.0
말레이시아(하트알레가),나비라텍스위생장갑(M),0.0,2026-10,-3333.0,-6666.0,-9999.0,-13332.0,-16665.0,-19998.0,-23331.0,-26664.0,-29997.0,-33330.0,-36663.0,-39996.0
말레이시아(하트알레가),나비라텍스위생장갑(S),0.0,2026-10,-2800.0,-5600.0,-8400.0,-11200.0,-14000.0,-16800.0,-19600.0,-22400.0,-25200.0,-28000.0,-30800.0,-33600.0
말레이시아(하트알레가),나비라텍스위생장갑100매(L)10PK,0.0,2026-10,-300.0,-600.0,-900.0,-1200.0,-1500.0,-1800.0,-2100.0,-2400.0,-2700.0,-3000.0,-3300.0,-3600.0
말레이시아(하트알레가),나비라텍스위생장갑100매(M)10PK,0.0,2026-10,-300.0,-600.0,-900.0,-1200.0,-1500.0,-1800.0,-2100.0,-2400.0,-2700.0,-3000.0,-3300.0,-3600.0
말레이시아(하트알레가),나비라텍스위생장갑100매(S)10PK,0.0,2026-10,-300.0,-600.0,-900.0,-1200.0,-1500.0,-1800.0,-2100.0,-2400.0,-2700.0,-3000.0,-3300.0,-3600.0
말레이시아(하트알레가),오런 바로톡메디장갑125매(L),17776.0,품절예상없음,16760.0,16758.0,16726.0,16626.0,15995.0,15212.0,10829.0,10296.0,9280.0,9246.0,9214.0,9116.0
말레이시아(하트알레가),오런 바로톡메디장갑125매(M),45648.0,품절예상없음,44238.0,42828.0,42796.0,42632.0,41444.0,40174.0,33737.0,32031.0,31999.0,31911.0,31819.0,31711.0
말레이시아(하트알레가),오런 바로톡메디장갑125매(S),17872.0,품절예상없음,16868.0,16867.0,15863.0,15747.0,15036.0,14107.0,9566.0,8342.0,8301.0,8247.0,8161.0,8081.0
말레이시아(하트알레가),오런라텍스위생장갑100매(L),7881.0,2026-12,5338.0,2204.0,-710.0,-4010.0,-6352.0,-9840.0,-17582.0,-20481.0,-25209.0,-27708.0,-29712.0,-33095.0
말레이시아(하트알레가),오런라텍스위생장갑100매(M),12361.0,2026-12,7480.0,149.0,-8692.0,-14368.0,-19922.0,-29003.0,-43571.0,-53254.0,-64976.0,-70377.0,-75618.0,-83207.0
말레이시아(하트알레가),오런라텍스위생장갑100매(S),5205.0,2026-12,3392.0,1296.0,-1288.0,-3507.0,-5561.0,-8618.0,-13878.0,-15604.0,-18764.0,-20794.0,-22169.0,-24406.0
말레이시아(하트알레가),오런톡톡니트릴125매(L)검정,354.0,2026-11,29.0,-296.0,-621.0,-946.0,-1271.0,-1596.0,-1921.0,-2041.0,-2433.0,-2623.0,-3403.0,-3547.0
말레이시아(하트알레가),오런톡톡니트릴125매(L)화이트,9550.0,품절예상없음,9154.0,8758.0,8362.0,7966.0,7570.0,7174.0,7142.0,6969.0,6555.0,5641.0,5289.0,4797.0
말레이시아(하트알레가),오런톡톡니트릴125매(M)검정,5407.0,품절예상없음,5033.0,4659.0,4285.0,3911.0,3537.0,3163.0,3159.0,2679.0,2111.0,1552.0,1016.0,921.0
말레이시아(하트알레가),오런톡톡니트릴125매(M)화이트,12544.0,품절예상없음,12036.0,11528.0,11020.0,10512.0,10004.0,9496.0,9493.0,9172.0,8568.0,7616.0,7280.0,6451.0
말레이시아(하트알레가),오런톡톡니트릴125매(S)검정,11263.0,품절예상없음,10924.0,10585.0,10246.0,9907.0,9568.0,9229.0,8890.0,8770.0,8298.0,7741.0,7341.0,7197.0
말레이시아(하트알레가),오런톡톡니트릴125매(S)화이트,9552.0,품절예상없음,9169.0,8786.0,8403.0,8020.0,7637.0,7254.0,7235.0,6852.0,6357.0,5501.0,5149.0,4956.0
말레이지아APEX GLOVE,오런라텍스위생장갑10매(M)(RRP),20599.0,품절예상없음,19759.0,12831.0,11200.0,10363.0,9455.0,8670.0,4642.0,4031.0,3195.0,2418.0,2031.0,1421.0
말레이지아APEX GLOVE,화이트앤블랙장갑100매(L),3560.0,품절예상없음,3503.0,2813.0,1833.0,1693.0,1433.0,1120.0,1046.0,964.0,907.0,866.0,831.0,776.0
말레이지아APEX GLOVE,화이트앤블랙장갑100매(M),7390.0,품절예상없음,7268.0,6508.0,5328.0,5118.0,4648.0,4076.0,3894.0,3730.0,3633.0,3572.0,3379.0,3342.0
말레이지아APEX GLOVE,화이트앤블랙장갑100매(S),3490.0,품절예상없음,3448.0,2888.0,2178.0,2108.0,1878.0,1555.0,1482.0,1418.0,1376.0,1340.0,1336.0,1305.0
범천상사,대광피특대,0.0,2026-10,-17.0,-34.0,-51.0,-68.0,-85.0,-91.0,-108.0,-125.0,-142.0,-159.0,-176.0,-193.0
범천상사,등천,0.0,2026-10,-807.0,-942.0,-1077.0,-1481.0,-2019.0,-2288.0,-3095.0,-3902.0,-4709.0,-5516.0,-6323.0,-7130.0
범천상사,아르곤 갈색 내피,-10.0,2026-10,-277.0,-405.0,-637.0,-689.0,-701.0,-1572.0,-1810.0,-2039.0,-2268.0,-2497.0,-2726.0,-2947.0
범천상사,아르곤 백색 덧내피,0.0,2026-10,-28.0,-453.0,-666.0,-836.0,-1261.0,-1828.0,-2395.0,-2820.0,-3245.0,-3698.0,-4123.0,-4378.0
범천상사,아르곤 회색 돈피,0.0,2026-10,-2.0,-4.0,-6.0,-8.0,-10.0,-12.0,-14.0,-16.0,-18.0,-20.0,-22.0,-24.0
범천상사,용접소(내피무),0.0,2026-10,-114.0,-228.0,-342.0,-456.0,-570.0,-684.0,-798.0,-912.0,-1026.0,-1140.0,-1254.0,-1368.0
베트남(라텍스위생),나비파랑니트릴위생장갑100매(M),0.0,2026-10,-2800.0,-5600.0,-8400.0,-11200.0,-14000.0,-16800.0,-19600.0,-22400.0,-25200.0,-28000.0,-30800.0,-33600.0
베트남(라텍스위생),나비파랑니트릴위생장갑100매(M)10PK,0.0,2026-10,-300.0,-600.0,-900.0,-1200.0,-1500.0,-1800.0,-2100.0,-2400.0,-2700.0,-3000.0,-3300.0,-3600.0
베트남(라텍스위생),나비파랑니트릴위생장갑100매(S),0.0,2026-10,-3800.0,-7600.0,-11400.0,-15200.0,-19000.0,-22800.0,-26600.0,-30400.0,-34200.0,-38000.0,-41800.0,-45600.0
베트남(라텍스위생),오런검정니트릴위생장갑100매(L),15970.0,2026-12,10944.0,5616.0,-2871.0,-9118.0,-14745.0,-22026.0,-36388.0,-42815.0,-53970.0,-59111.0,-68189.0,-76850.0
베트남(라텍스위생),오런검정니트릴위생장갑100매(M),27176.0,2027-01,18746.0,10279.0,197.0,-8710.0,-16702.0,-28261.0,-47575.0,-60633.0,-76906.0,-86427.0,-98022.0,-111682.0
베트남(라텍스위생),오런검정니트릴위생장갑100매(S),13438.0,2027-01,10339.0,7826.0,2739.0,-1997.0,-5940.0,-11421.0,-22498.0,-26612.0,-33505.0,-36718.0,-42754.0,-48292.0
베트남(라텍스위생),오런검정니트릴위생장갑100매(XL),1490.0,2027-02,1313.0,1136.0,608.0,257.0,-695.0,-1381.0,-2621.0,-3278.0,-4009.0,-5093.0,-5521.0,-6680.0
베트남(라텍스위생),오런니트릴위생20매(L)화이트,6109.0,2027-02,3588.0,2745.0,1074.0,171.0,-310.0,-818.0,-1794.0,-2179.0,-3462.0,-3969.0,-4446.0,-4806.0
베트남(라텍스위생),오런니트릴위생20매(M)화이트,6540.0,2027-01,5413.0,2519.0,634.0,-460.0,-1463.0,-3017.0,-4849.0,-6065.0,-7433.0,-8254.0,-10778.0,-12419.0
베트남(라텍스위생),오런니트릴위생20매(S)화이트,5668.0,2027-06,5346.0,4242.0,3517.0,2687.0,2387.0,1743.0,1086.0,674.0,-159.0,-454.0,-965.0,-1368.0
베트남(라텍스위생),오런파랑니트릴위생장갑100매(L),1083.0,2026-11,47.0,-762.0,-1289.0,-2351.0,-2818.0,-4157.0,-6788.0,-7706.0,-9104.0,-9552.0,-10560.0,-11925.0
베트남(라텍스위생),오런파랑니트릴위생장갑100매(M),2623.0,2026-12,1702.0,378.0,-549.0,-1850.0,-2525.0,-4157.0,-7198.0,-8182.0,-9654.0,-10418.0,-11835.0,-12866.0
베트남(라텍스위생),오런파랑니트릴위생장갑100매(S),760.0,2026-11,302.0,-148.0,-510.0,-1126.0,-1418.0,-2348.0,-4649.0,-5192.0,-6024.0,-6985.0,-7511.0,-8456.0
베트남(삼아),나비면(메리야스)완전코팅5P,8000.0,2027-01,5600.0,3200.0,800.0,-1600.0,-4000.0,-6400.0,-8800.0,-11200.0,-13600.0,-16000.0,-18400.0,-20800.0
베트남(삼아),나비실완전코팅5P,0.0,2026-10,-9333.0,-18666.0,-27999.0,-37332.0,-46665.0,-55998.0,-65331.0,-74664.0,-83997.0,-93330.0,-102663.0,-111996.0
베트남(삼아),대광노랑반코팅(10P)(L)(A),177.0,2026-10,-2664.0,-5315.0,-7933.0,-11873.0,-13625.0,-15317.0,-19916.0,-26491.0,-30812.0,-30947.0,-32082.0,-33153.0
베트남(삼아),대광노랑반코팅(1P)(A),21190.0,2027-02,15983.0,10540.0,6375.0,2778.0,-4511.0,-9273.0,-15341.0,-19175.0,-22214.0,-26616.0,-31274.0,-37977.0
베트남(삼아),대광면완전코팅(오래)(A),25760.0,2026-11,11441.0,-1633.0,-9648.0,-20443.0,-26013.0,-38202.0,-51564.0,-57484.0,-66048.0,-73645.0,-82395.0,-92176.0
베트남(삼아),대광반코팅(10P)10G,23582.0,2026-12,13284.0,206.0,-11465.0,-18917.0,-24560.0,-31674.0,-43467.0,-51038.0,-59930.0,-67550.0,-74536.0,-84423.0
베트남(삼아),대광실완전코팅(힘써)(L)(A),0.0,2026-10,-65884.0,-197652.0,-225888.0,-263536.0,-282360.0,-1042850.0,-1532274.0,-1560510.0,-1654630.0,-1858557.0,-2062484.0,-2266411.0
베트남(삼아),대광흰반코팅(10P)(L)(A),1170.0,2026-12,286.0,45.0,-709.0,-940.0,-1151.0,-3111.0,-3885.0,-4146.0,-5000.0,-6060.0,-7497.0,-8633.0
베트남(삼아),오런오렌지황이중코팅(A),30140.0,2027-02,24490.0,18752.0,6469.0,2288.0,-8650.0,-16662.0,-23790.0,-28214.0,-36886.0,-47053.0,-52348.0,-58849.0
베트남(삼아),오런청포도이중코팅(A),39441.0,2026-12,25710.0,7872.0,-8747.0,-20647.0,-32455.0,-45191.0,-60785.0,-71547.0,-83255.0,-96423.0,-105757.0,-119210.0
베트남(토안글러브)미스짱,대광반코팅(10P)10G(T),26940.0,2027-03,21730.0,16520.0,11310.0,6100.0,1660.0,-3560.0,-8100.0,-8340.0,-19080.0,-24290.0,-29610.0,-34820.0
베트남(토안글러브)미스짱,대광반코팅(10P)13g(T),8850.0,2027-08,7922.0,6994.0,6066.0,5046.0,4536.0,4146.0,1536.0,608.0,398.0,56.0,-511.0,-1421.0
베트남(토안글러브)미스짱,쎄라손노랑반코팅(10P),11060.0,2027-02,7276.0,5846.0,3496.0,528.0,-3431.0,-5554.0,-8353.0,-10453.0,-13512.0,-15555.0,-18922.0,-23364.0
베트남(토안글러브)미스짱,쎄라손반코팅(10P),16052.0,2026-12,13060.0,9149.0,-1404.0,-5134.0,-8340.0,-13060.0,-25110.0,-28461.0,-30923.0,-35204.0,-39122.0,-41524.0
베트남(토안글러브)미스짱,쎄라손흰반코팅(10P),890.0,2027-02,740.0,650.0,383.0,116.0,-4.0,-271.0,-841.0,-931.0,-1741.0,-1801.0,-1831.0,-1871.0
베트남(토안글러브)미스짱,크린랲반코팅장갑10켤레(13G),5760.0,품절예상없음,5385.0,5010.0,4635.0,4260.0,3885.0,3510.0,3135.0,2760.0,2385.0,2010.0,1560.0,1260.0
보운종합상사,백보루,5.0,2026-10,-119.0,-237.0,-383.0,-507.0,-621.0,-724.0,-845.0,-970.0,-1080.0,-1217.0,-1309.0,-1471.0
보운종합상사,잡보루,14.0,2026-10,-1.0,-11.0,-18.0,-25.0,-47.0,-62.0,-69.0,-73.0,-80.0,-90.0,-99.0,-114.0
삼성글러브(신규),손사랑반코팅(10P),6705.0,2026-11,3391.0,-184.0,-2071.0,-9442.0,-10798.0,-13275.0,-18466.0,-19734.0,-21751.0,-23697.0,-24809.0,-27243.0
삼성글러브(신규),오런반코팅10P,0.0,2026-10,-529.0,-1508.0,-2037.0,-2381.0,-3042.0,-4094.0,-5364.0,-6555.0,-7243.0,-8295.0,-9347.0,-10405.0
삼성글러브(신규),크린랲반코팅장갑10켤레,0.0,2026-10,-643.0,-698.0,-1213.0,-1673.0,-2555.0,-2996.0,-3878.0,-4760.0,-5642.0,-6524.0,-7406.0,-8288.0
상경섬유공업사,후디스하프,1680.0,2026-12,1421.0,261.0,-685.0,-1440.0,-1891.0,-3631.0,-5152.0,-7811.0,-8769.0,-9636.0,-10560.0,-11585.0
상록장갑,백나일론(남성용)10P,0.0,2026-10,-5.0,-10.0,-15.0,-20.0,-25.0,-30.0,-35.0,-40.0,-45.0,-50.0,-55.0,-60.0
신암장갑백화점(신규),New태화특대(적),600.0,2026-12,466.0,265.0,-3.0,-171.0,-305.0,-808.0,-1076.0,-1264.0,-1532.0,-1599.0,-1800.0,-1934.0
신암장갑백화점(신규),태화꽃밴(적),1900.0,2026-12,1577.0,716.0,-112.0,-1511.0,-1726.0,-2479.0,-3125.0,-3771.0,-4739.0,-5277.0,-6460.0,-7536.0
신암장갑백화점(신규),태화꽃밴(투),1600.0,2026-12,1107.0,170.0,-1309.0,-1638.0,-2131.0,-2460.0,-3446.0,-3857.0,-4514.0,-5254.0,-5911.0,-7012.0
신암장갑백화점(신규),태화꽃밴(핑),3370.0,2026-11,1593.0,-609.0,-5129.0,-5832.0,-7184.0,-9108.0,-11426.0,-12585.0,-14903.0,-16781.0,-18226.0,-20019.0
신암장갑백화점(신규),태화롤백(소)500매,0.0,2026-10,-42.0,-84.0,-136.0,-199.0,-241.0,-262.0,-304.0,-356.0,-440.0,-482.0,-534.0,-576.0
신암장갑백화점(신규),태화마파,100.0,2026-11,47.0,-59.0,-218.0,-271.0,-324.0,-377.0,-430.0,-483.0,-536.0,-589.0,-642.0,-695.0
신암장갑백화점(신규),태화선밴(투),2100.0,2026-11,557.0,-517.0,-3050.0,-4631.0,-5091.0,-6933.0,-9005.0,-9312.0,-11476.0,-12781.0,-13395.0,-13779.0
신암장갑백화점(신규),태화선밴(핑),5070.0,2026-12,3279.0,558.0,-3162.0,-3851.0,-5091.0,-7529.0,-10491.0,-11318.0,-12461.0,-13446.0,-14892.0,-16504.0
신암장갑백화점(신규),태화위생50매,850.0,2026-10,-353.0,-677.0,-1278.0,-1972.0,-2342.0,-3175.0,-4748.0,-4794.0,-5904.0,-6413.0,-6644.0,-6737.0
신암장갑백화점(신규),태화팩(중),450.0,2026-11,242.0,-49.0,-132.0,-299.0,-445.0,-528.0,-944.0,-1027.0,-1069.0,-1111.0,-1361.0,-1403.0
신영유통,3M 철수세미,960.0,2026-10,-524.0,-2069.0,-3553.0,-5407.0,-5716.0,-6025.0,-7570.0,-9054.0,-9981.0,-11835.0,-13998.0,-14925.0
신영유통,봉지철,950.0,2026-10,-163.0,-720.0,-1277.0,-2390.0,-3392.0,-5062.0,-5619.0,-6732.0,-8402.0,-9404.0,-10517.0,-11074.0
아운,대광노랑반코팅(10P)(J)(A),24970.0,2027-04,21439.0,18582.0,11208.0,10123.0,7817.0,2729.0,-2348.0,-2749.0,-5481.0,-7375.0,-11517.0,-13845.0
아운,후디스반코팅(10P)(J),8710.0,2027-01,6957.0,3908.0,1093.0,-608.0,-2316.0,-4777.0,-6996.0,-9118.0,-11390.0,-13157.0,-14989.0,-17053.0
아운,후디스반코팅(10P)(J)영남,4620.0,2027-02,2633.0,1827.0,1236.0,430.0,-53.0,-80.0,-1503.0,-1906.0,-2712.0,-3921.0,-4566.0,-5748.0
오라이트상사,오라이트미니,0.0,2026-10,-316.0,-632.0,-948.0,-1264.0,-1580.0,-1896.0,-2212.0,-2528.0,-2844.0,-3160.0,-3476.0,-3792.0
오라이트상사,오라이트왕특대(투),0.0,2026-10,-201.0,-389.0,-515.0,-615.0,-816.0,-923.0,-1030.0,-1137.0,-1244.0,-1351.0,-1458.0,-1565.0
오라이트상사,진광말표(핑),0.0,2026-10,-159.0,-265.0,-371.0,-795.0,-1007.0,-1219.0,-1537.0,-1961.0,-2279.0,-2597.0,-2809.0,-3127.0
주식회사 마미손,마미손(대)오른손하나,60.0,2026-10,-23.0,-106.0,-273.0,-440.0,-961.0,-1044.0,-1461.0,-2461.0,-2982.0,-3065.0,-3586.0,-4170.0
주식회사 마미손,마미손(대)왼손하나,120.0,2026-10,-166.0,-244.0,-530.0,-1310.0,-1596.0,-1882.0,-2272.0,-2584.0,-2870.0,-3026.0,-3312.0,-3598.0
주식회사 마미손,마미손(소)오른손하나,360.0,2027-09,330.0,300.0,270.0,240.0,210.0,180.0,150.0,120.0,90.0,60.0,30.0,0.0
주식회사 마미손,마미손(소)왼손하나,120.0,2027-01,90.0,60.0,30.0,0.0,-30.0,-60.0,-90.0,-120.0,-150.0,-180.0,-210.0,-240.0
주식회사 마미손,마미손(중)오른손하나,60.0,2026-10,-30.0,-300.0,-390.0,-480.0,-1530.0,-2430.0,-3480.0,-4560.0,-5730.0,-6780.0,-7830.0,-8730.0
주식회사 마미손,마미손(중)왼손하나,300.0,2027-01,222.0,144.0,66.0,-558.0,-792.0,-870.0,-948.0,-1182.0,-1572.0,-1806.0,-2040.0,-2274.0
주식회사 마미손,마미손골드,3100.0,2026-11,539.0,-1642.0,-3918.0,-7522.0,-7996.0,-10083.0,-12075.0,-12834.0,-14921.0,-16154.0,-17008.0,-19000.0
주식회사 마미손,마미손미니(핑),0.0,2026-10,-448.0,-672.0,-1791.0,-2239.0,-3358.0,-4477.0,-5596.0,-6715.0,-7387.0,-8506.0,-10073.0,-11192.0
주식회사 마미손,마미손위생50매(국산)-50각(2호),1750.0,2026-12,375.0,50.0,-300.0,-850.0,-900.0,-975.0,-1225.0,-1275.0,-2850.0,-3175.0,-3725.0,-4275.0
주식회사 마미손,마미손위생50매(중국)-50각,2650.0,2027-01,2162.0,698.0,319.0,-1362.0,-1958.0,-3367.0,-4885.0,-4939.0,-7433.0,-8571.0,-8842.0,-10197.0
주식회사 마미손,마미손칼라고무장갑(그레이)(L),0.0,2026-10,-1300.0,-2600.0,-3900.0,-5200.0,-6500.0,-7800.0,-9100.0,-10400.0,-11700.0,-13000.0,-14300.0,-15600.0
주식회사 마미손,마미손칼라고무장갑(그린)(L),0.0,2026-10,-520.0,-650.0,-1170.0,-1690.0,-2210.0,-2730.0,-3380.0,-3900.0,-4290.0,-4810.0,-5330.0,-5850.0
주식회사 마미손,마미손클래식,150.0,2026-10,-36.0,-315.0,-501.0,-617.0,-710.0,-896.0,-1081.0,-1174.0,-1267.0,-1360.0,-1476.0,-1592.0
주식회사 마미손,마미손특대(적),600.0,2026-10,-2869.0,-4603.0,-6957.0,-10797.0,-11169.0,-14018.0,-16496.0,-19469.0,-23557.0,-26530.0,-28388.0,-32104.0
주식회사 마미손,마미손특대(투),0.0,2026-10,-65.0,-130.0,-195.0,-260.0,-325.0,-390.0,-455.0,-520.0,-585.0,-650.0,-715.0,-780.0
주식회사 마미손,마미손패스,2400.0,2026-10,-488.0,-1338.0,-1763.0,-2613.0,-3576.0,-5360.0,-5785.0,-6465.0,-7739.0,-8928.0,-9778.0,-11137.0
주식회사 마미손,마미손플라워,0.0,2026-10,-484.0,-1129.0,-1613.0,-1976.0,-2460.0,-2823.0,-3146.0,-3509.0,-4154.0,-4517.0,-4840.0,-5001.0
주식회사 마미손,마미손핑크밴드,600.0,2026-12,323.0,268.0,-341.0,-728.0,-1115.0,-1502.0,-2332.0,-2719.0,-3106.0,-3161.0,-3438.0,-3825.0
주식회사 마미손,마미손화이트,800.0,2027-07,721.0,642.0,536.0,457.0,378.0,272.0,193.0,114.0,61.0,-45.0,-124.0,-203.0
주식회사 샛별상사,파일럿TC(단추),0.0,2026-10,-964.0,-1928.0,-2892.0,-3856.0,-5785.0,-6749.0,-8678.0,-10607.0,-12536.0,-14465.0,-16394.0,-18323.0
주식회사 성진나이스,나이스황이중코팅,7700.0,품절예상없음,7164.0,7053.0,6609.0,6073.0,5537.0,4428.0,4206.0,3670.0,3559.0,3023.0,1748.0,1212.0
주식회사 성진나이스,나이스황이중코팅(제니스)(XL),0.0,2026-10,-700.0,-1400.0,-2100.0,-2800.0,-3500.0,-4200.0,-4900.0,-5600.0,-6300.0,-7000.0,-7700.0,-8400.0
주식회사 핸드텍,PU제전장갑(M)top(10P),45.0,2027-05,39.0,33.0,27.0,21.0,15.0,9.0,3.0,-3.0,-9.0,-15.0,-21.0,-27.0
주식회사 핸드텍,오런고탄력PU(M)백 손바닥(10P),0.0,2026-10,-6.0,-13.0,-17.0,-23.0,-29.0,-32.0,-38.0,-45.0,-51.0,-57.0,-62.0,-68.0
주식회사 핸드텍,오런고탄력PU(M)회 손끝(10P),0.0,2026-10,-15.0,-30.0,-45.0,-60.0,-75.0,-90.0,-105.0,-120.0,-135.0,-150.0,-165.0,-180.0
주식회사 핸드텍,오런포리PU(L)백 손끝(10P),0.0,2026-10,-35.0,-193.0,-243.0,-264.0,-286.0,-293.0,-307.0,-314.0,-321.0,-328.0,-329.0,-336.0
주식회사 핸드텍,오런포리PU(S)백 손바닥(10P),0.0,2026-10,-450.0,-900.0,-1350.0,-1800.0,-2250.0,-2700.0,-3150.0,-3600.0,-4050.0,-4500.0,-4950.0,-5400.0
주식회사 핸드텍,후디스PU코팅(L)(검)1P(신규바코드),0.0,2026-10,-206.0,-237.0,-609.0,-635.0,-711.0,-787.0,-863.0,-935.0,-997.0,-1121.0,-1183.0,-1245.0
주식회사 핸드텍,후디스PU코팅(L)회1P,0.0,2026-10,-60.0,-120.0,-180.0,-240.0,-300.0,-360.0,-420.0,-480.0,-540.0,-600.0,-660.0,-720.0
주식회사 핸드텍,후디스PU코팅(M)(검)1P(신규바코드),0.0,2026-10,-21.0,-83.0,-212.0,-264.0,-543.0,-672.0,-801.0,-822.0,-946.0,-1194.0,-1323.0,-1447.0
주식회사 핸드텍,후디스PU코팅(S)(검)1P(신규바코드),0.0,2026-10,-26.0,-222.0,-379.0,-649.0,-806.0,-1076.0,-1346.0,-1372.0,-1842.0,-2155.0,-2425.0,-2695.0
주식회사허밍켐,어린이장갑30매,0.0,2026-10,-200.0,-400.0,-600.0,-800.0,-1000.0,-1200.0,-1400.0,-1600.0,-1800.0,-2000.0,-2200.0,-2400.0
주식회사허밍켐,후디스위생200매,1213.0,2026-11,641.0,-472.0,-1164.0,-1931.0,-2424.0,-3472.0,-4686.0,-5103.0,-5673.0,-6002.0,-6390.0,-6936.0
주식회사허밍켐,후디스위생50매,3189.0,2026-10,-4871.0,-9938.0,-13938.0,-17554.0,-24377.0,-30720.0,-35411.0,-40908.0,-44299.0,-49295.0,-52021.0,-56922.0
중국(서건),오런실장갑32g(10P),1190.0,2026-10,-1219.0,-2933.0,-5419.0,-10699.0,-11782.0,-13849.0,-15065.0,-17335.0,-20195.0,-21730.0,-23420.0,-25630.0
중국(서건),오런실장갑37g-연두(10P),19360.0,2026-11,7296.0,-13772.0,-30315.0,-46980.0,-55067.0,-67315.0,-81841.0,-91498.0,-104919.0,-114015.0,-123123.0,-136248.0
중국(서건),오런실장갑42g(10P)영남(Y),3870.0,2027-02,2555.0,1355.0,1265.0,1175.0,-295.0,-2035.0,-4225.0,-4285.0,-5845.0,-7105.0,-8365.0,-9925.0
중국(서건),오런실장갑42g-주황(10P),-20.0,2026-10,-6580.0,-14819.0,-20055.0,-25491.0,-34604.0,-37761.0,-47313.0,-55823.0,-61191.0,-65900.0,-71272.0,-79873.0
중국(서건),오런실장갑47g-빨강(10P),872.0,2026-10,-6801.0,-14102.0,-28052.0,-35309.0,-40606.0,-48173.0,-55864.0,-60167.0,-76119.0,-80603.0,-89143.0,-97333.0
중국(서건),오런실장갑52g-초록(10P),3790.0,2027-01,2694.0,1152.0,665.0,-736.0,-1862.0,-3070.0,-4257.0,-5276.0,-5935.0,-7083.0,-7854.0,-9122.0
중국(서건),오런실장갑60g(10P),1240.0,2027-01,476.0,306.0,94.0,-213.0,-524.0,-821.0,-1040.0,-1400.0,-1555.0,-1881.0,-2188.0,-2664.0
중국(서건),후디스실장갑37g(10P)영남(Y),1500.0,2026-11,633.0,-267.0,-567.0,-1677.0,-2127.0,-2967.0,-3417.0,-5277.0,-5877.0,-6877.0,-7087.0,-8167.0
중국(안현무역),로얄블루수입(L)(10P),55.0,2026-10,-18.0,-42.0,-115.0,-176.0,-249.0,-280.0,-353.0,-426.0,-512.0,-585.0,-646.0,-719.0
중국(안현무역),로얄블루수입(M)(10P),0.0,2026-10,-58.0,-112.0,-170.0,-209.0,-267.0,-290.0,-348.0,-406.0,-464.0,-522.0,-580.0,-638.0
중국(안현무역),메란지내피(L)오바록,0.0,2026-10,-55466.0,-75221.0,-102574.0,-157280.0,-172476.0,-218064.0,-273530.0,-313040.0,-367746.0,-423212.0,-487036.0,-550860.0
중국(안현무역),메란지내피(M)오바록,0.0,2026-10,-16513.0,-20747.0,-46151.0,-62664.0,-71132.0,-87645.0,-113049.0,-129985.0,-136759.0,-153272.0,-170208.0,-186721.0
중국(안현무역),메란지내피(S)오바록,0.0,2026-10,-9516.0,-11102.0,-26962.0,-36478.0,-45994.0,-55510.0,-63440.0,-76128.0,-84058.0,-93574.0,-103090.0,-112606.0
중국(안현무역),오런고탄력PU(L)검 손바닥(10P),0.0,2026-10,-19.0,-32.0,-35.0,-85.0,-98.0,-101.0,-114.0,-127.0,-140.0,-153.0,-166.0,-179.0
중국(안현무역),오런고탄력PU(L)백 손바닥(10P),0.0,2026-10,-28.0,-56.0,-87.0,-115.0,-143.0,-171.0,-199.0,-227.0,-255.0,-283.0,-311.0,-339.0
중국(안현무역),오런고탄력PU(M)검 손바닥(10P),0.0,2026-10,-33.0,-39.0,-73.0,-110.0,-116.0,-180.0,-186.0,-192.0,-198.0,-204.0,-210.0,-216.0
중국(안현무역),오런고탄력PU(S)검 손바닥(10P),0.0,2026-10,-34.0,-51.0,-61.0,-102.0,-110.0,-118.0,-120.0,-134.0,-142.0,-150.0,-158.0,-166.0
중국(안현무역),오런고탄력PU(S)회 손바닥(10P),-30.0,2026-10,-48.0,-95.0,-142.0,-189.0,-198.0,-230.0,-276.0,-323.0,-350.0,-397.0,-466.0,-513.0
중국(안현무역),오런고탄력PU(XL)검 손바닥(10P),0.0,2026-10,-6.0,-19.0,-29.0,-54.0,-82.0,-99.0,-116.0,-133.0,-150.0,-167.0,-184.0,-201.0
중국(안현무역),오런고탄력PU(XL)회 손바닥(10P),0.0,2026-10,-7.0,-27.0,-43.0,-76.0,-96.0,-129.0,-136.0,-143.0,-150.0,-157.0,-164.0,-171.0
중국(안현무역),오런고탄력도트(L)검,3850.0,2026-11,2009.0,-776.0,-2617.0,-3796.0,-4720.0,-5887.0,-7216.0,-8793.0,-11243.0,-13832.0,-14080.0,-16934.0
중국(안현무역),오런고탄력도트(L)백,2150.0,2027-02,2062.0,1957.0,1869.0,816.0,-3659.0,-4466.0,-6493.0,-6651.0,-8406.0,-9564.0,-10529.0,-11415.0
중국(안현무역),오런고탄력도트(L)회,3640.0,2026-11,720.0,-1352.0,-2125.0,-4776.0,-6397.0,-8254.0,-10122.0,-11775.0,-13729.0,-14518.0,-16761.0,-18403.0
중국(안현무역),오런고탄력도트(M)검,5645.0,2027-02,4707.0,3354.0,3307.0,862.0,-1025.0,-2295.0,-4123.0,-5737.0,-7108.0,-9096.0,-10496.0,-11733.0
중국(안현무역),오런고탄력도트(M)백,4750.0,2027-02,4373.0,3673.0,2897.0,2594.0,-5.0,-2644.0,-3605.0,-3986.0,-5165.0,-5965.0,-6046.0,-6846.0
중국(안현무역),오런고탄력도트(M)회,4150.0,2026-11,2624.0,-87.0,-2135.0,-4645.0,-6261.0,-8324.0,-12159.0,-14177.0,-15221.0,-16926.0,-20470.0,-21998.0
중국(안현무역),오런고탄력도트(S)검,3530.0,품절예상없음,3443.0,3024.0,2518.0,2423.0,2011.0,1924.0,1902.0,1866.0,1389.0,1012.0,911.0,766.0
중국(안현무역),오런고탄력도트(S)백,2440.0,2027-01,2045.0,1424.0,238.0,-338.0,-1536.0,-1979.0,-3433.0,-3884.0,-5157.0,-5596.0,-5628.0,-5709.0
중국(안현무역),오런고탄력도트(S)회,2950.0,2026-12,2010.0,522.0,-530.0,-1898.0,-2838.0,-3368.0,-4231.0,-4787.0,-5326.0,-6027.0,-8284.0,-8729.0
중국(안현무역),오런고탄력블루(L)long(U),1800.0,2027-04,1376.0,818.0,702.0,561.0,167.0,86.0,-445.0,-1198.0,-1863.0,-2020.0,-2505.0,-2662.0
중국(안현무역),오런고탄력블루(M)long(U),1440.0,2026-12,415.0,46.0,-252.0,-967.0,-1479.0,-1969.0,-3173.0,-4909.0,-6277.0,-6433.0,-6826.0,-7571.0
중국(안현무역),오런고탄력블루1P(L)(U),5280.0,2026-11,1895.0,-447.0,-2317.0,-3303.0,-5111.0,-6169.0,-8543.0,-12098.0,-15868.0,-18647.0,-20522.0,-24231.0
중국(안현무역),오런멀티1P(L)검,30570.0,2026-12,15191.0,541.0,-13427.0,-18665.0,-25519.0,-39479.0,-46892.0,-66002.0,-80248.0,-89369.0,-104039.0,-115138.0
중국(안현무역),오런멀티1P(L)회,14045.0,2027-01,9979.0,4605.0,883.0,-4352.0,-5838.0,-12139.0,-18298.0,-23800.0,-29055.0,-33444.0,-37867.0,-42056.0
중국(안현무역),오런멀티1P(M)검,24840.0,2026-12,14655.0,7053.0,-1034.0,-6673.0,-13900.0,-20196.0,-26245.0,-34309.0,-41693.0,-47391.0,-55870.0,-63766.0
중국(안현무역),오런멀티1P(M)회,11275.0,2027-03,9091.0,6785.0,5927.0,2560.0,1323.0,-20.0,-1542.0,-5626.0,-6933.0,-8834.0,-9428.0,-10625.0
중국(안현무역),오런멀티1P(S)검,16077.0,2027-01,11269.0,6117.0,1652.0,-1489.0,-3323.0,-7163.0,-10990.0,-14203.0,-20331.0,-23651.0,-28008.0,-31401.0
중국(안현무역),오런멀티1P(S)회,10881.0,2027-08,9472.0,7733.0,7285.0,5627.0,5151.0,3996.0,3724.0,858.0,465.0,59.0,-820.0,-1889.0
중국(안현무역),오런멀티5P(L)검,3261.0,2027-04,2957.0,1956.0,1349.0,941.0,588.0,205.0,-792.0,-1064.0,-1632.0,-2098.0,-2318.0,-2708.0
중국(안현무역),오런멀티5P(L)회,4596.0,품절예상없음,4494.0,4293.0,4112.0,3975.0,3849.0,3659.0,3375.0,3253.0,3103.0,3006.0,2962.0,2927.0
중국(안현무역),오런멀티5P(M)검,2752.0,2026-12,1805.0,593.0,-143.0,-923.0,-1856.0,-2400.0,-3762.0,-4474.0,-5275.0,-5935.0,-6420.0,-7559.0
중국(안현무역),오런멀티5P(M)회,2474.0,2027-05,2066.0,1679.0,1406.0,935.0,637.0,440.0,29.0,-285.0,-593.0,-1117.0,-1344.0,-1681.0
중국(안현무역),오런멀티5P(S)검,1796.0,2027-01,1250.0,787.0,41.0,-425.0,-854.0,-1385.0,-2154.0,-2777.0,-3828.0,-4365.0,-4912.0,-5527.0
중국(안현무역),오런멀티5P(S)회,822.0,2027-01,710.0,426.0,191.0,-280.0,-450.0,-638.0,-853.0,-1054.0,-1280.0,-1458.0,-1551.0,-1696.0
중국(안현무역),오런용접장갑(소),5100.0,품절예상없음,4961.0,4822.0,4544.0,4405.0,4266.0,4127.0,3988.0,3849.0,3710.0,3571.0,3432.0,3293.0
중국(안현무역),오런탑도트(L)회,7781.0,2027-03,6566.0,4711.0,3241.0,2480.0,1526.0,-697.0,-3445.0,-4920.0,-6427.0,-9183.0,-10522.0,-11500.0
중국(안현무역),오런탑도트(M)회,19190.0,2027-04,17949.0,7249.0,5284.0,3782.0,2546.0,1092.0,-6023.0,-7167.0,-8742.0,-11049.0,-12175.0,-13524.0
중국(안현무역),오런탑도트(S)회,10930.0,2027-02,8901.0,6816.0,3679.0,1372.0,-583.0,-3155.0,-5954.0,-8445.0,-10931.0,-14992.0,-17381.0,-18725.0
중국(안현무역),오런포리PU(L)검1P(U),2520.0,2026-12,1505.0,271.0,-506.0,-1443.0,-1865.0,-2510.0,-2885.0,-4221.0,-4830.0,-5299.0,-6033.0,-7173.0
중국(안현무역),오런포리PU(L)백 손바닥(10P)(A),0.0,2026-10,-21.0,-104.0,-1525.0,-1588.0,-1637.0,-1650.0,-1651.0,-1652.0,-1653.0,-1654.0,-1655.0,-1656.0
중국(안현무역),오런포리PU(L)회 손끝(10P),-52.0,2026-10,-484.0,-564.0,-943.0,-1064.0,-1225.0,-1255.0,-1285.0,-1286.0,-1317.0,-1319.0,-1345.0,-1363.0
중국(안현무역),오런포리PU(L)회 손바닥(10P)(A),-50.0,2026-10,-612.0,-1028.0,-1398.0,-1731.0,-1966.0,-2061.0,-2151.0,-2183.0,-2212.0,-2219.0,-2223.0,-2255.0
중국(안현무역),오런포리PU(M)검1P(U),3120.0,2026-12,2356.0,1004.0,-78.0,-675.0,-1248.0,-1845.0,-3500.0,-4281.0,-4774.0,-5156.0,-6325.0,-7400.0
중국(안현무역),오런포리PU(M)백 손끝(10P),1.0,2026-10,-199.0,-227.0,-404.0,-451.0,-471.0,-488.0,-493.0,-498.0,-503.0,-509.0,-514.0,-519.0
중국(안현무역),오런포리PU(M)백 손바닥(10P)(A),0.0,2026-10,-15.0,-83.0,-95.0,-107.0,-131.0,-149.0,-151.0,-153.0,-155.0,-157.0,-159.0,-161.0
중국(안현무역),오런포리PU(M)회 손끝(10P),-50.0,2026-10,-480.0,-733.0,-1245.0,-1586.0,-1689.0,-1862.0,-1904.0,-1962.0,-1991.0,-1999.0,-2072.0,-2114.0
중국(안현무역),오런포리PU(M)회 손바닥(10P)(A),-50.0,2026-10,-649.0,-1087.0,-1489.0,-1999.0,-2012.0,-2053.0,-2082.0,-2103.0,-2132.0,-2138.0,-2159.0,-2180.0
중국(안현무역),오런포리PU(S)백 손끝(10P),1.0,2026-10,-141.0,-336.0,-546.0,-574.0,-595.0,-596.0,-604.0,-612.0,-620.0,-632.0,-635.0,-643.0
중국(안현무역),오런포리PU(S)회 손끝(10P),-10.0,2026-10,-224.0,-469.0,-812.0,-1032.0,-1116.0,-1159.0,-1182.0,-1211.0,-1217.0,-1241.0,-1308.0,-1315.0
중국(안현무역),오런포리PU(XL)회 손바닥(10P)(A),0.0,2026-10,-11.0,-32.0,-46.0,-78.0,-91.0,-94.0,-107.0,-120.0,-133.0,-146.0,-159.0,-172.0
중국(안현무역),오런포리도트(L)회,1340.0,2027-01,954.0,576.0,152.0,-325.0,-514.0,-1467.0,-1694.0,-2171.0,-2406.0,-2557.0,-2640.0,-3079.0
중국(안현무역),오런포리도트(M)회,14030.0,2027-03,12630.0,9442.0,6012.0,1272.0,163.0,-4556.0,-6773.0,-9129.0,-11701.0,-12978.0,-16166.0,-18363.0
중국(안현무역),오런포리도트(S)회,13120.0,2027-06,11953.0,9956.0,8309.0,5887.0,5118.0,2737.0,1708.0,953.0,-907.0,-1250.0,-2417.0,-4627.0
중국(안현무역),절단방지코팅장갑(CUT3)(L)백색,0.0,2026-10,-324.0,-389.0,-648.0,-1762.0,-2410.0,-2928.0,-3187.0,-3446.0,-3705.0,-3964.0,-4223.0,-4482.0
중국(안현무역),절단방지코팅장갑(L),2000.0,품절예상없음,1940.0,1929.0,1869.0,1809.0,1787.0,1700.0,1536.0,1476.0,1416.0,1405.0,1394.0,1339.0
중국(안현무역),포리내피(L)검(10P),475.0,2027-03,394.0,351.0,294.0,128.0,68.0,-56.0,-141.0,-173.0,-198.0,-338.0,-421.0,-442.0
중국(안현무역),포리내피(L)백(10P),624.0,2026-12,311.0,244.0,-69.0,-76.0,-79.0,-1425.0,-1480.0,-1793.0,-2896.0,-2946.0,-2992.0,-3305.0
중국(안현무역),포리내피(L)회(10P),1356.0,2027-03,868.0,771.0,593.0,291.0,276.0,-237.0,-454.0,-660.0,-890.0,-1000.0,-1195.0,-1302.0
중국(안현무역),포리내피(M)검(10P),685.0,2026-12,455.0,355.0,-30.0,-199.0,-335.0,-480.0,-766.0,-846.0,-986.0,-1173.0,-1201.0,-1249.0
중국(안현무역),포리내피(M)백(10P),395.0,2026-11,221.0,-66.0,-148.0,-303.0,-419.0,-2037.0,-2212.0,-2300.0,-3426.0,-3635.0,-3895.0,-3997.0
중국(안현무역),포리내피(M)회(10P),2635.0,2027-04,2043.0,1749.0,1130.0,823.0,639.0,123.0,-340.0,-627.0,-834.0,-1180.0,-1324.0,-1489.0
중국(안현무역),포리내피(S)검(10P),295.0,2027-03,252.0,229.0,194.0,29.0,17.0,-47.0,-120.0,-178.0,-201.0,-236.0,-305.0,-306.0
중국(안현무역),포리내피(S)백(10P),104.0,2026-11,79.0,-51.0,-101.0,-145.0,-181.0,-198.0,-223.0,-225.0,-246.0,-298.0,-334.0,-351.0
중국(안현무역),포리내피(S)회(10P),1274.0,2027-04,1078.0,861.0,718.0,470.0,394.0,48.0,-258.0,-381.0,-655.0,-779.0,-908.0,-990.0
중국(안현무역),후디스에어폼내피(L)파,14000.0,2026-10,-4213.0,-22426.0,-40639.0,-58852.0,-77065.0,-95278.0,-113491.0,-131704.0,-149917.0,-168130.0,-186343.0,-204556.0
중국(안현무역),후디스에어폼내피(S)파,0.0,2026-10,-6800.0,-13600.0,-17000.0,-23800.0,-30600.0,-37400.0,-44200.0,-51000.0,-57800.0,-64600.0,-71400.0,-78200.0
중국(한단),대광PVC,12800.0,2027-07,12565.0,11197.0,9361.0,8373.0,7212.0,4984.0,2788.0,1658.0,387.0,-99.0,-1448.0,-3221.0
중국(한단),대광공업용황10호(new),0.0,2026-10,-3454.0,-6908.0,-10362.0,-13816.0,-17270.0,-20724.0,-24178.0,-27632.0,-31086.0,-34540.0,-37994.0,-41448.0
중국(한단),대광공업용황12호(new),0.0,2026-10,-240.0,-480.0,-720.0,-960.0,-1200.0,-1440.0,-1680.0,-1920.0,-2160.0,-2400.0,-2640.0,-2880.0
중국(한단),대광공업용황9호(new),0.0,2026-10,-30.0,-60.0,-90.0,-120.0,-150.0,-180.0,-210.0,-240.0,-270.0,-300.0,-330.0,-360.0
중국(한단),대광공업용흑10호,3477.0,2026-11,1393.0,-691.0,-3256.0,-4614.0,-5574.0,-6690.0,-8442.0,-9262.0,-12099.0,-14789.0,-18493.0,-19192.0
중국(한단),대광공업용흑9호(new),0.0,2026-10,-1080.0,-2160.0,-3240.0,-4320.0,-5400.0,-6480.0,-7560.0,-8640.0,-9720.0,-10800.0,-11880.0,-12960.0
중국pu공장(u스마일),NBR장갑(10켤레)(L)(U),0.0,2026-10,-100.0,-200.0,-300.0,-400.0,-500.0,-550.0,-650.0,-750.0,-850.0,-950.0,-1050.0,-1150.0
중국pu공장(u스마일),백나일론(10P)(U),3210.0,2027-03,2605.0,2000.0,1395.0,790.0,185.0,-420.0,-1025.0,-1630.0,-2235.0,-2965.0,-3570.0,-4050.0
중국pu공장(u스마일),실장갑40g(10P)(U),1650.0,품절예상없음,1620.0,1590.0,1560.0,1530.0,1500.0,1470.0,1440.0,1410.0,1380.0,1350.0,1320.0,1290.0
중국pu공장(u스마일),실장갑45g(10P)(U),10410.0,2027-08,9327.0,8244.0,7161.0,6078.0,4995.0,3912.0,3762.0,3462.0,3162.0,1602.0,-638.0,-2588.0
중국pu공장(u스마일),오런#200(절단방지내피)(L),-70.0,2026-10,-126.0,-182.0,-238.0,-294.0,-350.0,-406.0,-462.0,-518.0,-574.0,-630.0,-686.0,-742.0
중국pu공장(u스마일),오런#200(절단방지내피)(M),30.0,2026-10,-38.0,-310.0,-378.0,-731.0,-1003.0,-1030.0,-1302.0,-1655.0,-1940.0,-1981.0,-2334.0,-3150.0
중국pu공장(u스마일),오런NBR장갑(10켤레)(L)(U),-76.0,2026-10,-236.0,-396.0,-556.0,-716.0,-876.0,-1036.0,-1196.0,-1356.0,-1522.0,-1682.0,-1822.0,-1996.0
중국pu공장(u스마일),오런NBR장갑(10켤레)(M)(U),0.0,2026-10,-125.0,-250.0,-375.0,-500.0,-625.0,-750.0,-875.0,-1000.0,-1100.0,-1225.0,-1375.0,-1499.0
중국pu공장(u스마일),오런고탄력PU(L)검 손바닥(10P)(U),46.0,2026-11,13.0,-20.0,-30.0,-80.0,-113.0,-130.0,-135.0,-169.0,-198.0,-234.0,-267.0,-328.0
중국pu공장(u스마일),오런고탄력PU(L)검 손바닥(10P)(U)(A),150.0,2027-01,107.0,64.0,21.0,-22.0,-65.0,-108.0,-151.0,-194.0,-237.0,-280.0,-323.0,-366.0
중국pu공장(u스마일),오런고탄력PU(L)백 손바닥(10P)(U),100.0,2026-11,50.0,0.0,-50.0,-100.0,-150.0,-200.0,-250.0,-300.0,-350.0,-400.0,-450.0,-500.0
중국pu공장(u스마일),오런고탄력PU(L)회 손바닥(10P)(U),90.0,2026-11,5.0,-45.0,-90.0,-95.0,-132.0,-139.0,-256.0,-306.0,-476.0,-516.0,-562.0,-647.0
중국pu공장(u스마일),오런고탄력PU(L)회 손바닥(10P)(U)(A),250.0,2027-02,188.0,126.0,64.0,54.0,-8.0,-70.0,-132.0,-194.0,-244.0,-306.0,-341.0,-441.0
중국pu공장(u스마일),오런고탄력PU(M)검 손바닥(10P)(U),0.0,2026-10,-92.0,-184.0,-198.0,-290.0,-382.0,-387.0,-479.0,-629.0,-664.0,-756.0,-811.0,-941.0
중국pu공장(u스마일),오런고탄력PU(M)검 손바닥(10P)(U)(A),50.0,2027-01,37.0,24.0,11.0,-2.0,-15.0,-28.0,-41.0,-54.0,-67.0,-80.0,-93.0,-106.0
중국pu공장(u스마일),오런고탄력PU(M)회 손바닥(10P)(U),335.0,2027-02,232.0,129.0,104.0,1.0,-102.0,-205.0,-250.0,-300.0,-450.0,-540.0,-720.0,-823.0
중국pu공장(u스마일),오런고탄력PU(M)회 손바닥(10P)(U)(A),50.0,2026-10,0.0,-50.0,-100.0,-110.0,-160.0,-210.0,-260.0,-310.0,-360.0,-410.0,-460.0,-510.0
중국pu공장(u스마일),오런고탄력PU(S)검 손바닥(10P)(U),85.0,2026-11,11.0,-63.0,-137.0,-211.0,-285.0,-293.0,-367.0,-482.0,-522.0,-596.0,-670.0,-737.0
중국pu공장(u스마일),오런고탄력PU(S)회 손바닥(10P)(U),170.0,2027-02,130.0,90.0,50.0,10.0,-30.0,-70.0,-110.0,-150.0,-190.0,-250.0,-280.0,-310.0
중국pu공장(u스마일),오런고탄력PU(XL)검 손바닥(10P)(U),0.0,2026-10,-23.0,-46.0,-69.0,-92.0,-115.0,-140.0,-163.0,-186.0,-209.0,-232.0,-255.0,-278.0
중국pu공장(u스마일),오런고탄력PU(XL)회 손바닥(10P)(U),0.0,2026-10,-56.0,-112.0,-168.0,-224.0,-280.0,-336.0,-401.0,-466.0,-503.0,-559.0,-615.0,-671.0
중국pu공장(u스마일),오런고탄력블루(S)long(U),1440.0,2027-01,1274.0,1052.0,768.0,-1483.0,-2840.0,-3262.0,-4279.0,-5352.0,-6616.0,-6795.0,-7005.0,-7754.0
중국pu공장(u스마일),오런고탄력블루1P(M)(U),10370.0,2026-12,6626.0,2528.0,-1512.0,-4037.0,-7221.0,-10592.0,-15627.0,-22160.0,-27997.0,-35207.0,-38845.0,-44463.0
중국pu공장(u스마일),오런고탄력블루1P(S)(U),9240.0,2026-12,5302.0,2603.0,-1087.0,-3200.0,-5146.0,-7897.0,-12454.0,-19902.0,-25536.0,-28648.0,-32405.0,-34831.0
중국pu공장(u스마일),오런실장갑35죽포(10P)(U),34110.0,2027-04,28336.0,22562.0,16788.0,13298.0,7575.0,1965.0,-4575.0,-9017.0,-15477.0,-20767.0,-28237.0,-32677.0
중국pu공장(u스마일),오런에어폼(L)회_걸이,11640.0,품절예상없음,11360.0,11080.0,10800.0,10520.0,10240.0,9960.0,9760.0,9480.0,9200.0,9080.0,8800.0,8280.0
중국pu공장(u스마일),오런에어폼(M)회_걸이,9720.0,품절예상없음,9178.0,8636.0,8094.0,7552.0,7010.0,6468.0,6268.0,6228.0,5686.0,5066.0,3966.0,3216.0
중국pu공장(u스마일),오런에어폼(S)회_걸이,5760.0,2027-07,5087.0,4414.0,3741.0,3068.0,2395.0,1722.0,1162.0,752.0,152.0,-588.0,-1723.0,-2318.0
중국pu공장(u스마일),오런포리PU(L)검 손바닥(10P)(U),2546.0,2026-11,1377.0,-766.0,-1782.0,-2210.0,-2979.0,-4059.0,-5542.0,-6252.0,-7492.0,-8489.0,-9712.0,-10886.0
중국pu공장(u스마일),오런포리PU(L)백 손끝(10P)(U),285.0,2027-04,228.0,171.0,114.0,57.0,37.0,10.0,-97.0,-122.0,-137.0,-237.0,-309.0,-332.0
중국pu공장(u스마일),오런포리PU(L)백 손바닥(10P)(U),850.0,품절예상없음,812.0,801.0,763.0,725.0,611.0,573.0,551.0,546.0,466.0,415.0,386.0,346.0
중국pu공장(u스마일),오런포리PU(L)회 손끝(10P)(U),1093.0,2027-03,1057.0,457.0,280.0,271.0,196.0,-338.0,-976.0,-1748.0,-2621.0,-3125.0,-3667.0,-4258.0
중국pu공장(u스마일),오런포리PU(L)회 손바닥(10P)(U),3307.0,2027-03,3288.0,3009.0,2767.0,2488.0,1891.0,-451.0,-2385.0,-5121.0,-6542.0,-8698.0,-10532.0,-12546.0
중국pu공장(u스마일),오런포리PU(L)회1P(U),1440.0,2026-11,740.0,-77.0,-277.0,-852.0,-1567.0,-2403.0,-3049.0,-3776.0,-4685.0,-5068.0,-5568.0,-6693.0
중국pu공장(u스마일),오런포리PU(M)검 손바닥(10P)(U),3847.0,2026-12,2869.0,939.0,-150.0,-685.0,-1564.0,-2356.0,-3725.0,-4279.0,-5467.0,-6341.0,-7223.0,-8364.0
중국pu공장(u스마일),오런포리PU(M)백 손끝(10P)(U),1085.0,2027-06,1035.0,960.0,886.0,819.0,510.0,432.0,217.0,40.0,-171.0,-288.0,-585.0,-694.0
중국pu공장(u스마일),오런포리PU(M)백 손바닥(10P)(U),150.0,2027-01,91.0,75.0,16.0,-43.0,-102.0,-107.0,-202.0,-203.0,-237.0,-320.0,-379.0,-458.0
중국pu공장(u스마일),오런포리PU(M)회 손끝(10P)(U),893.0,2026-11,165.0,-267.0,-317.0,-1045.0,-1159.0,-1604.0,-2190.0,-2820.0,-3808.0,-4499.0,-4995.0,-5974.0
중국pu공장(u스마일),오런포리PU(M)회 손바닥(10P)(U),1096.0,2026-10,-1016.0,-3128.0,-3850.0,-4566.0,-6291.0,-8940.0,-10884.0,-12811.0,-15558.0,-17559.0,-19744.0,-21616.0
중국pu공장(u스마일),오런포리PU(M)회1P(U),3120.0,2027-03,2086.0,1213.0,747.0,442.0,298.0,-236.0,-1083.0,-1990.0,-2693.0,-3337.0,-3922.0,-5163.0
중국pu공장(u스마일),오런포리PU(S)검 손바닥(10P)(U),600.0,2026-12,426.0,127.0,-119.0,-249.0,-474.0,-526.0,-1214.0,-1398.0,-1591.0,-1936.0,-2014.0,-2375.0
중국pu공장(u스마일),오런포리PU(S)검1P(U),2760.0,2027-05,2267.0,1836.0,1090.0,1076.0,912.0,741.0,247.0,-283.0,-457.0,-539.0,-868.0,-1154.0
중국pu공장(u스마일),오런포리PU(S)백 손끝(10P)(U),1140.0,2027-04,937.0,734.0,686.0,593.0,489.0,358.0,-66.0,-121.0,-298.0,-406.0,-600.0,-862.0
중국pu공장(u스마일),오런포리PU(S)백 손바닥(10P)(U),280.0,2027-09,275.0,236.0,197.0,195.0,183.0,182.0,150.0,148.0,121.0,79.0,51.0,-51.0
중국pu공장(u스마일),오런포리PU(S)회 손끝(10P)(U),1396.0,2027-03,710.0,503.0,412.0,377.0,60.0,-797.0,-1569.0,-2411.0,-3445.0,-3806.0,-4280.0,-4911.0
중국pu공장(u스마일),오런포리PU(S)회 손바닥(10P)(U),1706.0,2027-01,1220.0,643.0,303.0,-101.0,-495.0,-1096.0,-1818.0,-2604.0,-3059.0,-3658.0,-4097.0,-4588.0
중국pu공장(u스마일),오런포리PU(S)회1P(U),1920.0,2027-02,1463.0,854.0,408.0,67.0,-165.0,-441.0,-714.0,-969.0,-1139.0,-1224.0,-1408.0,-1833.0
중국pu공장(u스마일),오런포리PU(XL)검 손바닥(10P)(U),350.0,2027-02,269.0,188.0,107.0,26.0,-74.0,-155.0,-205.0,-255.0,-405.0,-555.0,-560.0,-641.0
중국pu공장(u스마일),오런포리PU(XL)회 손바닥(10P)(U),381.0,2027-08,342.0,303.0,264.0,225.0,186.0,131.0,116.0,100.0,69.0,45.0,-68.0,-103.0
중국pu공장(u스마일),절단방지코팅장갑(XL)백색,0.0,2026-10,-1000.0,-2000.0,-3000.0,-4000.0,-5000.0,-6000.0,-7000.0,-8000.0,-9000.0,-10000.0,-11000.0,-12000.0
중국왕붕실장갑(신규),ABM실장갑40g(10P),0.0,2026-10,-3850.0,-7700.0,-11550.0,-15400.0,-19250.0,-23100.0,-26950.0,-30800.0,-34650.0,-38500.0,-42350.0,-46200.0
중국왕붕실장갑(신규),대광실장갑35g(10P),300.0,2026-10,-270.0,-840.0,-1410.0,-1980.0,-2550.0,-3120.0,-3690.0,-3990.0,-4980.0,-5550.0,-5970.0,-6540.0
중국왕붕실장갑(신규),대광실장갑40g(10P),2190.0,2027-02,1752.0,1314.0,876.0,438.0,0.0,-438.0,-876.0,-1326.0,-1656.0,-1806.0,-2466.0,-3066.0
중국왕붕실장갑(신규),대광실장갑45g(10P),3930.0,품절예상없음,3740.0,3550.0,3360.0,3170.0,2980.0,2790.0,2600.0,2150.0,2060.0,1870.0,1840.0,1650.0
중국왕붕실장갑(신규),대광실장갑50g(10P),4080.0,품절예상없음,3742.0,3404.0,3066.0,2728.0,2390.0,2052.0,1714.0,1561.0,1223.0,1013.0,323.0,23.0
중국왕붕실장갑(신규),실장갑40g(10P)(여성용)(A),3900.0,2027-06,3846.0,2976.0,1888.0,1779.0,1280.0,573.0,165.0,2.0,-379.0,-869.0,-1196.0,-1604.0
중국왕붕실장갑(신규),실장갑45g(10P)(A),3600.0,2027-03,3411.0,2488.0,2425.0,2027.0,811.0,-384.0,-824.0,-981.0,-1411.0,-1977.0,-2355.0,-2858.0
중국왕붕실장갑(신규),오런실장갑10P(A),670.0,2026-10,-88.0,-858.0,-1725.0,-2385.0,-3265.0,-4560.0,-5586.0,-7003.0,-7198.0,-7406.0,-7675.0,-9813.0
중국왕붕실장갑(신규),오런실장갑1P(New),-300.0,2026-10,-1764.0,-3228.0,-4204.0,-6156.0,-6807.0,-7458.0,-9410.0,-11850.0,-14290.0,-15266.0,-17544.0,-20961.0
중국왕붕실장갑(신규),오런실장갑3P,500.0,2026-10,-352.0,-979.0,-1640.0,-2167.0,-3034.0,-4083.0,-4694.0,-5532.0,-6145.0,-7103.0,-8123.0,-8990.0
중국왕붕실장갑(신규),줄기사10g(10P),150.0,2026-11,76.0,-98.0,-135.0,-191.0,-228.0,-271.0,-345.0,-364.0,-420.0,-476.0,-550.0,-606.0
중국왕붕실장갑(신규),크린랲면장갑10켤레(1호),3750.0,품절예상없음,3578.0,3449.0,3320.0,3299.0,3278.0,3257.0,3236.0,3215.0,3194.0,3173.0,3152.0,3131.0
중국왕붕실장갑(신규),크린랲면장갑10켤레(2호),1080.0,2026-12,694.0,576.0,-298.0,-684.0,-1510.0,-1896.0,-2014.0,-3006.0,-3392.0,-3778.0,-3825.0,-4211.0
중국왕붕실장갑(신규),크린랲면장갑3켤레,7900.0,2027-02,7325.0,6078.0,5599.0,3202.0,-250.0,-1784.0,-4277.0,-5619.0,-6520.0,-6616.0,-6808.0,-7192.0
중국왕붕실장갑(신규),크린랲엠보싱장갑2켤레,5800.0,품절예상없음,5568.0,5452.0,5220.0,4988.0,3598.0,3366.0,3250.0,3018.0,2786.0,2554.0,2322.0,1974.0
중국왕붕실장갑(신규),크린랲투라인장갑3켤레,4200.0,2026-12,1765.0,1370.0,-210.0,-1790.0,-3370.0,-3567.0,-10083.0,-10280.0,-12715.0,-15150.0,-17585.0,-18177.0
중국왕붕실장갑(신규),표백도트장갑(10P),1470.0,2027-04,1426.0,1327.0,1228.0,656.0,590.0,491.0,-114.0,-741.0,-1298.0,-1855.0,-2295.0,-2852.0
중국왕붕실장갑(신규),표백실장갑(10P),505.0,2027-02,308.0,294.0,239.0,81.0,-51.0,-105.0,-421.0,-526.0,-1177.0,-1481.0,-1692.0,-1697.0
중국왕붕실장갑(신규),후디스실장갑32g(10P),0.0,2026-10,-439.0,-642.0,-1663.0,-3101.0,-3296.0,-4417.0,-5720.0,-6429.0,-6538.0,-7798.0,-7989.0,-9426.0
중국왕붕실장갑(신규),후디스실장갑37g-연두(10P),1820.0,2026-10,-1751.0,-6021.0,-10291.0,-16369.0,-21637.0,-27015.0,-33105.0,-37730.0,-44174.0,-49409.0,-52614.0,-56973.0
중국왕붕실장갑(신규),후디스실장갑42g-주황(10P),-10.0,2026-10,-2277.0,-4841.0,-7073.0,-12194.0,-13905.0,-16553.0,-21374.0,-23558.0,-27020.0,-30759.0,-36710.0,-37243.0
중국왕붕실장갑(신규),후디스실장갑47g-빨강(10P),1200.0,2026-10,-2478.0,-3749.0,-4571.0,-6292.0,-7621.0,-10963.0,-12279.0,-13286.0,-14256.0,-16585.0,-17723.0,-20025.0
중국왕붕실장갑(신규),후디스실장갑52g-녹색(10P),440.0,2026-10,-451.0,-602.0,-1196.0,-1800.0,-3284.0,-3710.0,-4769.0,-5472.0,-6283.0,-6728.0,-7144.0,-8208.0
중국왕붕실장갑(신규),후디스실장갑60g(10P),2560.0,2027-02,2452.0,2083.0,1799.0,1785.0,-2353.0,-2475.0,-4098.0,-4168.0,-7116.0,-11294.0,-11594.0,-12000.0
중국왕붕실장갑(신규),후디스줄기사10g,3100.0,2026-10,-12918.0,-33099.0,-45407.0,-68187.0,-79309.0,-94035.0,-124346.0,-131844.0,-146416.0,-157104.0,-170491.0,-183601.0
중국왕붕실장갑(신규),후디스표백도트장갑1P,4200.0,2026-10,-1550.0,-11917.0,-25938.0,-35389.0,-38963.0,-44899.0,-55080.0,-66015.0,-75517.0,-78884.0,-87096.0,-96734.0
찔레꽃장갑,찔레꽃 망사 밤색,0.0,2026-10,-158.0,-178.0,-198.0,-277.0,-284.0,-304.0,-324.0,-344.0,-364.0,-384.0,-404.0,-424.0
찔레꽃장갑,찔레꽃 망사 흑색,0.0,2026-10,-165.0,-185.0,-251.0,-277.0,-303.0,-316.0,-328.0,-340.0,-353.0,-360.0,-380.0,-387.0
찔레꽃장갑,찔레꽃면장갑,0.0,2026-10,-408.0,-446.0,-769.0,-1038.0,-1254.0,-1331.0,-1639.0,-1831.0,-2062.0,-2370.0,-2870.0,-3101.0
천일장갑,금강산,300.0,2026-10,-5485.0,-11270.0,-16894.0,-22438.0,-24848.0,-31356.0,-39310.0,-45577.0,-49996.0,-55620.0,-58191.0,-63012.0
천일장갑,천일 메니큐어(L),0.0,2026-10,-260.0,-390.0,-650.0,-1040.0,-1300.0,-1560.0,-1820.0,-2080.0,-2340.0,-2600.0,-2860.0,-3120.0
천일장갑,천일 메니큐어(M),0.0,2026-10,-146.0,-292.0,-438.0,-584.0,-730.0,-876.0,-1070.0,-1216.0,-1362.0,-1459.0,-1605.0,-1751.0
천일장갑,천일도트,500.0,2026-12,267.0,34.0,-199.0,-432.0,-665.0,-898.0,-1131.0,-1364.0,-1442.0,-1830.0,-2063.0,-2296.0
천일장갑,천일표,5700.0,2026-10,-5189.0,-9557.0,-16856.0,-20147.0,-23797.0,-30307.0,-34794.0,-40005.0,-41800.0,-46527.0,-51253.0,-55381.0
천일장갑,후디스줄기사13g,20600.0,2027-03,16768.0,14439.0,8618.0,7939.0,7357.0,-405.0,-3898.0,-7391.0,-8167.0,-15735.0,-19567.0,-23399.0
코리아종합상사,EVA우의(백색),0.0,2026-10,-124.0,-248.0,-372.0,-496.0,-620.0,-744.0,-868.0,-992.0,-1116.0,-1240.0,-1364.0,-1488.0
코리아종합상사,우의 백색,3000.0,2026-11,917.0,-1166.0,-3249.0,-3578.0,-3907.0,-4565.0,-8184.0,-10267.0,-12350.0,-13337.0,-14982.0,-17065.0
쿡랩,후디스고무장갑(M)적,5385.0,2026-12,3641.0,245.0,-2716.0,-7832.0,-9122.0,-10846.0,-12533.0,-16867.0,-22625.0,-25042.0,-26372.0,-28244.0
쿡랩,후디스고무장갑(M)투,3386.0,2026-10,-3029.0,-6942.0,-10517.0,-15162.0,-17938.0,-23195.0,-26376.0,-31274.0,-40804.0,-45282.0,-45984.0,-49530.0
쿡랩,후디스고무장갑(M)핑,10755.0,2026-11,8309.0,-658.0,-4070.0,-8234.0,-9328.0,-12194.0,-16532.0,-23732.0,-28511.0,-30543.0,-33482.0,-37468.0
쿡랩,후디스고무장갑(S)핑,-153.0,2026-10,-2346.0,-3776.0,-4877.0,-5481.0,-6827.0,-7054.0,-7336.0,-7684.0,-8729.0,-8979.0,-8998.0,-9671.0
쿡랩,후디스고무장갑2+1(대),1320.0,2026-10,-746.0,-2435.0,-3302.0,-3524.0,-3680.0,-3724.0,-3902.0,-3990.0,-4168.0,-4390.0,-4568.0,-4879.0
쿡랩,후디스고무장갑2+1(소)투명,0.0,2026-10,-43.0,-86.0,-129.0,-214.0,-299.0,-384.0,-469.0,-554.0,-639.0,-724.0,-809.0,-894.0
쿡랩,후디스고무장갑2+1(소)핑크,99.0,2026-10,-290.0,-933.0,-1069.0,-1132.0,-1171.0,-1210.0,-1268.0,-1326.0,-1389.0,-1452.0,-1510.0,-1588.0
쿡랩,후디스고무장갑2+1(중),2211.0,2026-10,-96.0,-2220.0,-3157.0,-3545.0,-3785.0,-3854.0,-4197.0,-4357.0,-4563.0,-4746.0,-5134.0,-5294.0
쿡랩,후디스고무장갑주름(L)적,2874.0,2026-11,597.0,-3063.0,-12427.0,-15049.0,-16766.0,-19461.0,-20706.0,-22065.0,-31788.0,-32531.0,-33666.0,-35285.0
쿡랩,후디스고무장갑주름(L)투,-10280.0,2026-10,-19393.0,-31951.0,-47327.0,-59868.0,-70869.0,-96353.0,-105508.0,-117521.0,-130993.0,-141532.0,-155760.0,-170463.0
쿡랩,후디스고무장갑주름(L)핑,5492.0,2026-10,-846.0,-16166.0,-22394.0,-29865.0,-33891.0,-39460.0,-47671.0,-58136.0,-68749.0,-72924.0,-78215.0,-81141.0
쿡랩,후디스고무장갑특대(적),2994.0,2026-11,1999.0,-1386.0,-12650.0,-14771.0,-15416.0,-16000.0,-17482.0,-18621.0,-26228.0,-28006.0,-29139.0,-30263.0
쿡랩,후디스고무장갑특대(투),-10110.0,2026-10,-13586.0,-20968.0,-26327.0,-32842.0,-40325.0,-46833.0,-53853.0,-55346.0,-56693.0,-64778.0,-77431.0,-84450.0
쿡랩,후디스고무장갑특대(핑),-130.0,2026-10,-3842.0,-10740.0,-15920.0,-20861.0,-23426.0,-30974.0,-36292.0,-38189.0,-52573.0,-52915.0,-54135.0,-61608.0
쿡랩,후디스장갑(M)핑오른손1개,1360.0,2026-12,523.0,150.0,-455.0,-1201.0,-2704.0,-4295.0,-5511.0,-6910.0,-7749.0,-8880.0,-9416.0,-10826.0
쿡랩,후디스장갑주름(L)핑오른손1개,320.0,2026-10,-285.0,-995.0,-1456.0,-1913.0,-3031.0,-3964.0,-4304.0,-5493.0,-6003.0,-6702.0,-6930.0,-7936.0
크린통상,크린랲 위생 100매,300.0,품절예상없음,278.0,256.0,234.0,212.0,190.0,168.0,146.0,124.0,102.0,72.0,50.0,35.0
크린통상,크린랲 위생 50매,0.0,2026-10,-68.0,-171.0,-308.0,-342.0,-445.0,-548.0,-616.0,-684.0,-752.0,-820.0,-888.0,-956.0
태국(썬타이),마이핸고무장갑신단보,28000.0,2027-07,25402.0,22804.0,20206.0,17608.0,15010.0,12412.0,10812.0,2612.0,212.0,-988.0,-1373.0,-3173.0
태국(썬타이),마이핸고무장갑왕신단보,14400.0,2026-11,7200.0,0.0,-7200.0,-18800.0,-29000.0,-44110.0,-58810.0,-66510.0,-70110.0,-75310.0,-81710.0,-87310.0
태국(썬타이),마이핸니트릴위생장갑100매(L),0.0,2026-10,-2775.0,-5550.0,-8325.0,-11100.0,-13875.0,-14025.0,-15045.0,-19575.0,-22350.0,-25125.0,-27900.0,-30675.0
태국(썬타이),마이핸니트릴위생장갑100매(M),0.0,2026-10,-980.0,-1960.0,-2940.0,-3920.0,-3930.0,-4030.0,-5010.0,-5990.0,-6970.0,-7950.0,-8930.0,-9910.0
태국(썬타이),마이핸미니(L)노(10P),-240.0,2026-10,-1590.0,-2940.0,-4290.0,-7290.0,-7710.0,-8430.0,-10230.0,-10410.0,-11760.0,-13110.0,-15870.0,-16530.0
태국(썬타이),마이핸미니(L)투(10P),1930.0,2027-01,1288.0,646.0,4.0,-638.0,-1280.0,-1922.0,-2762.0,-3762.0,-4542.0,-5022.0,-5442.0,-5772.0
태국(썬타이),마이핸미니(M)노(10P),240.0,2026-10,-826.0,-1892.0,-2958.0,-4818.0,-5738.0,-5858.0,-7778.0,-9578.0,-11498.0,-11772.0,-12192.0,-12252.0
태국(썬타이),마이핸미니(M)투(10P),3000.0,2027-05,2575.0,2150.0,1725.0,1300.0,875.0,450.0,30.0,-810.0,-1650.0,-1710.0,-2010.0,-2100.0
태국(썬타이),마이핸미니(S)노(10P),360.0,2026-10,-108.0,-576.0,-1044.0,-1764.0,-2232.0,-2892.0,-3792.0,-4872.0,-4992.0,-5052.0,-5232.0,-5700.0
태국(썬타이),마이핸미니(S)투(10P),1890.0,2027-02,1503.0,1116.0,729.0,342.0,-45.0,-432.0,-852.0,-1412.0,-1592.0,-1979.0,-2366.0,-2753.0
태국(썬타이),마이핸미용(L),73000.0,2027-04,58333.0,51333.0,40333.0,30333.0,20333.0,4333.0,-18667.0,-35667.0,-58667.0,-68667.0,-73667.0,-83667.0
태국(썬타이),마이핸미용(M),38000.0,2026-11,6750.0,-62250.0,-63250.0,-94500.0,-188000.0,-194000.0,-271000.0,-299000.0,-335500.0,-355500.0,-369500.0,-381500.0
태국(썬타이),마이핸미용(S),181000.0,품절예상없음,165250.0,156250.0,147250.0,142250.0,132250.0,102250.0,75250.0,52250.0,36250.0,24250.0,14250.0,7750.0
태국(썬타이),마이핸프리미엄100매(라텍스위생)(L),390.0,2027-01,290.0,190.0,90.0,-10.0,-110.0,-210.0,-310.0,-410.0,-510.0,-610.0,-710.0,-810.0
태국(썬타이),모니카단미니(L)투(10P),-1800.0,2026-10,-2453.0,-3106.0,-4674.0,-5327.0,-5980.0,-6633.0,-7286.0,-7939.0,-8592.0,-9245.0,-9898.0,-10551.0
태국(썬타이),민들레미니(400입),-7200.0,2026-10,-13200.0,-19200.0,-25200.0,-31200.0,-37200.0,-43200.0,-49200.0,-55200.0,-61200.0,-67200.0,-73200.0,-79200.0
태국(썬타이),쎄라손고무장갑신단보,18600.0,2027-01,17244.0,16663.0,16300.0,-5903.0,-14256.0,-14619.0,-25732.0,-55416.0,-67280.0,-70549.0,-77571.0,-85077.0
태국(썬타이),쎄라손고무장갑왕신단보,17900.0,2027-01,13533.0,12390.0,11876.0,-11128.0,-13889.0,-13893.0,-14921.0,-25851.0,-34084.0,-38541.0,-39697.0,-41880.0
태국(썬타이),쎄라손미니(L)노(10P),-690.0,2026-10,-2468.0,-4246.0,-6024.0,-7590.0,-8512.0,-9575.0,-13221.0,-14476.0,-16254.0,-16259.0,-18464.0,-20242.0
태국(썬타이),쎄라손미니(L)투(10P),630.0,2026-11,542.0,-602.0,-1746.0,-1834.0,-2978.0,-4122.0,-6725.0,-7573.0,-9121.0,-10413.0,-10470.0,-10986.0
태국(썬타이),쎄라손미니(M)노(10P),-510.0,2026-10,-1764.0,-3412.0,-3982.0,-5635.0,-7877.0,-8789.0,-11411.0,-13235.0,-14883.0,-16531.0,-18450.0,-18678.0
태국(썬타이),쎄라손미니(M)투(10P),2850.0,2027-01,2043.0,496.0,261.0,-748.0,-1202.0,-2614.0,-4497.0,-5203.0,-6316.0,-6635.0,-7240.0,-7553.0
태국(썬타이),쎄라손미니(S)노(10P),2310.0,2027-02,1860.0,780.0,600.0,58.0,-77.0,-349.0,-1257.0,-1527.0,-2430.0,-2432.0,-2612.0,-2882.0
태국(썬타이),쎄라손미니(S)투(10P),2250.0,2027-07,2094.0,2081.0,1813.0,1545.0,1544.0,1276.0,639.0,371.0,59.0,-19.0,-175.0,-331.0
태국(썬타이),쎄라손미용(L),90600.0,2026-12,54085.0,395.0,-43043.0,-72155.0,-97238.0,-129674.0,-183163.0,-213927.0,-270438.0,-290684.0,-307617.0,-335038.0
태국(썬타이),쎄라손미용(M),48960.0,2026-10,-400.0,-75715.0,-171618.0,-237969.0,-264687.0,-327557.0,-427212.0,-485850.0,-551147.0,-596044.0,-607124.0,-646541.0
태국(썬타이),쎄라손미용(S),56500.0,2026-11,30588.0,-33059.0,-76608.0,-110183.0,-134551.0,-174625.0,-224537.0,-258473.0,-292825.0,-313855.0,-336873.0,-350554.0
태화글로비즈,New태화특대(투),800.0,2027-03,670.0,475.0,345.0,264.0,183.0,-77.0,-142.0,-272.0,-337.0,-402.0,-483.0,-564.0
태화글로비즈,New태화특대(핑),600.0,2027-03,491.0,437.0,274.0,165.0,56.0,-53.0,-162.0,-271.0,-325.0,-379.0,-596.0,-705.0
태화글로비즈,태화(L)대(적),2300.0,2026-12,822.0,41.0,-1770.0,-2360.0,-3191.0,-5135.0,-6381.0,-6896.0,-8482.0,-9313.0,-9894.0,-10392.0
태화글로비즈,태화(L)대(투),1200.0,2027-02,1003.0,914.0,709.0,510.0,-26.0,-383.0,-740.0,-910.0,-999.0,-1198.0,-1397.0,-1576.0
태화글로비즈,태화(L)대(핑),600.0,2026-12,504.0,253.0,-36.0,-132.0,-325.0,-807.0,-1096.0,-1192.0,-1288.0,-1433.0,-1529.0,-1625.0
태화글로비즈,태화XL특대(적),1400.0,2027-01,1208.0,222.0,30.0,-417.0,-712.0,-776.0,-1225.0,-1588.0,-1951.0,-2400.0,-2763.0,-2955.0
태화글로비즈,태화XL특대(투),700.0,2027-01,521.0,213.0,59.0,-172.0,-326.0,-403.0,-557.0,-736.0,-890.0,-1069.0,-1300.0,-1479.0
태화글로비즈,태화XL특대(핑),600.0,2026-12,357.0,114.0,-426.0,-561.0,-696.0,-831.0,-1236.0,-1371.0,-1641.0,-1911.0,-2154.0,-2289.0
태화글로비즈,태화롤백(중)500매,108.0,2026-11,65.0,-12.0,-38.0,-89.0,-115.0,-166.0,-235.0,-284.0,-335.0,-352.0,-412.0,-461.0
태화글로비즈,태화롤팩(대)500매,144.0,2027-01,101.0,50.0,7.0,-27.0,-61.0,-71.0,-156.0,-165.0,-182.0,-191.0,-200.0,-226.0
태화글로비즈,태화미니,1500.0,2026-12,1197.0,46.0,-124.0,-245.0,-427.0,-566.0,-990.0,-1051.0,-1112.0,-1476.0,-1718.0,-1724.0
태화글로비즈,태화선밴(적),800.0,2026-12,517.0,234.0,-144.0,-465.0,-805.0,-1561.0,-2090.0,-2279.0,-2421.0,-2515.0,-2704.0,-2987.0
태화글로비즈,태화올A,1500.0,2026-12,1378.0,101.0,-263.0,-749.0,-931.0,-1174.0,-1904.0,-2026.0,-2330.0,-2452.0,-2634.0,-2877.0
태화글로비즈,태화위생100매,0.0,2026-10,-56.0,-131.0,-243.0,-299.0,-411.0,-523.0,-635.0,-747.0,-859.0,-971.0,-1083.0,-1195.0
태화글로비즈,태화위생200매,560.0,2027-01,355.0,253.0,82.0,-66.0,-157.0,-214.0,-476.0,-544.0,-567.0,-795.0,-852.0,-886.0
태화글로비즈,태화팩(대),250.0,2026-12,119.0,32.0,-99.0,-230.0,-361.0,-492.0,-711.0,-842.0,-886.0,-1017.0,-1148.0,-1279.0
태화글로비즈,태화팩(소),200.0,2026-11,59.0,-35.0,-129.0,-365.0,-459.0,-553.0,-742.0,-836.0,-883.0,-930.0,-1024.0,-1118.0
평강상사,렉션개나리,350.0,2026-10,-1278.0,-1976.0,-2209.0,-2442.0,-2675.0,-3140.0,-3373.0,-3606.0,-3839.0,-4072.0,-4305.0,-4538.0
평강상사,렉션미니(투명)10P,0.0,2026-10,-16.0,-32.0,-48.0,-64.0,-80.0,-96.0,-112.0,-128.0,-144.0,-160.0,-176.0,-192.0
평강상사,렉션황10호,0.0,2026-10,-114.0,-228.0,-342.0,-456.0,-570.0,-684.0,-798.0,-912.0,-1026.0,-1140.0,-1254.0,-1368.0
평강상사,렉션황12호,0.0,2026-10,-70.0,-140.0,-210.0,-280.0,-350.0,-420.0,-490.0,-560.0,-630.0,-700.0,-770.0,-840.0
하얀손(베트남),대광고무장갑(M)투,9900.0,2027-03,8579.0,6139.0,4533.0,4499.0,3117.0,-317.0,-5239.0,-5254.0,-18947.0,-34120.0,-35999.0,-45473.0
하얀손(베트남),대광고무장갑(M)핑,9065.0,2026-10,-3637.0,-9603.0,-29628.0,-40305.0,-55229.0,-79332.0,-95754.0,-99141.0,-210047.0,-215350.0,-233019.0,-308392.0
하얀손(베트남),대광고무장갑주름(L)투,10500.0,2027-02,6668.0,3669.0,2557.0,2431.0,-1759.0,-5337.0,-12430.0,-12619.0,-33574.0,-47622.0,-49137.0,-58823.0
하얀손(베트남),대광고무장갑주름(L)핑,7250.0,2026-10,-18991.0,-19637.0,-29365.0,-57509.0,-84880.0,-104292.0,-124595.0,-124842.0,-258182.0,-284261.0,-299970.0,-337598.0
하얀손(베트남),대광고무장갑특대(XL)투,5590.0,2027-05,4569.0,3548.0,2527.0,2517.0,1934.0,1519.0,504.0,-173.0,-1271.0,-2830.0,-3864.0,-4605.0
하얀손(베트남),대광고무장갑특대(XL)핑,12195.0,2026-12,10597.0,8189.0,-1365.0,-1824.0,-1855.0,-2328.0,-4020.0,-5303.0,-9196.0,-14103.0,-14449.0,-14828.0
하얀손(베트남),크린랲간편고무장갑(10컬레),14400.0,2027-02,11415.0,8132.0,5147.0,1864.0,-1419.0,-4404.0,-7986.0,-10971.0,-14254.0,-17537.0,-20820.0,-24103.0
하얀손(베트남),하우즈데코고무장갑(M)1P,0.0,2026-10,-3240.0,-6480.0,-9720.0,-12960.0,-16200.0,-19440.0,-22680.0,-25920.0,-29160.0,-32400.0,-35640.0,-38880.0
하얀손(베트남),후디스고무장갑(M)투(A),0.0,2026-10,-235.0,-470.0,-705.0,-940.0,-1175.0,-1410.0,-1645.0,-1650.0,-1885.0,-2120.0,-2320.0,-2820.0
하얀손(베트남),후디스고무장갑(M)핑 왼손,0.0,2026-10,-30.0,-42.0,-72.0,-84.0,-96.0,-108.0,-138.0,-210.0,-217.0,-229.0,-259.0,-289.0
하얀손(베트남),후디스고무장갑(S)핑(A),3200.0,2027-02,3181.0,1262.0,1148.0,1072.0,-448.0,-1436.0,-2405.0,-4723.0,-6452.0,-6927.0,-7250.0,-8637.0
하얀손(베트남),후디스고무장갑식품용,14037.0,2026-10,-38826.0,-86302.0,-143779.0,-184702.0,-231844.0,-271809.0,-333258.0,-362832.0,-391365.0,-448515.0,-518807.0,-580333.0
하얀손(베트남),후디스고무장갑주름(L)투(A),0.0,2026-10,-800.0,-1600.0,-1650.0,-2450.0,-3250.0,-4050.0,-4850.0,-5650.0,-6450.0,-7250.0,-8050.0,-8850.0
하얀손(베트남),후디스고무장갑주름(L)핑 오른손,0.0,2026-10,-75.0,-150.0,-225.0,-300.0,-375.0,-450.0,-525.0,-575.0,-650.0,-750.0,-825.0,-900.0
하얀손(베트남),후디스고무장갑주름(L)핑 왼손,0.0,2026-10,-26.0,-156.0,-286.0,-416.0,-421.0,-426.0,-556.0,-686.0,-816.0,-946.0,-1076.0,-1206.0
하얀손(베트남),후디스고무장갑주름(L)핑(A),0.0,2026-10,-100.0,-465.0,-965.0,-980.0,-1080.0,-1180.0,-1280.0,-1380.0,-1480.0,-1580.0,-1680.0,-1780.0
하얀손(베트남),후디스고무장갑주름(L)핑(N),500.0,2026-10,-4114.0,-10291.0,-12228.0,-13143.0,-13804.0,-14465.0,-15246.0,-15786.0,-16447.0,-17108.0,-17769.0,-18430.0
하얀손(베트남),후디스미니(L)노(10P),-20.0,2026-10,-2365.0,-6194.0,-8397.0,-11035.0,-12882.0,-15392.0,-19555.0,-23255.0,-29133.0,-31593.0,-34848.0,-36655.0
하얀손(베트남),후디스미니(L)흰(10P),7933.0,2026-11,1494.0,-5071.0,-11804.0,-18002.0,-23233.0,-30441.0,-38974.0,-46106.0,-55782.0,-60888.0,-66421.0,-74099.0
하얀손(베트남),후디스미니(S)노(10P),692.0,2026-10,-519.0,-1995.0,-2835.0,-4115.0,-4694.0,-6275.0,-8401.0,-9019.0,-10859.0,-11830.0,-12945.0,-14099.0
하얀손(베트남),후디스미니(S)흰(10P),5023.0,2026-11,2507.0,-530.0,-3505.0,-7055.0,-9763.0,-13706.0,-17653.0,-20800.0,-26386.0,-28731.0,-31141.0,-34672.0
하얀손(베트남),후디스미니(free)노(10P)(M)(A),873.0,2026-10,-857.0,-3838.0,-5794.0,-7031.0,-8020.0,-10127.0,-12895.0,-15381.0,-19002.0,-21194.0,-22501.0,-23703.0
하얀손(베트남),후디스미니(free)흰(10P)(M)(A),6160.0,2026-11,23.0,-7590.0,-13756.0,-20302.0,-25225.0,-30795.0,-42108.0,-49214.0,-58248.0,-63089.0,-70786.0,-76860.0
하얀손산업주식회사,모니카단미니((M)투10P,0.0,2026-10,-600.0,-1200.0,-1800.0,-2400.0,-3000.0,-3600.0,-4200.0,-4800.0,-5400.0,-6000.0,-6600.0,-7200.0
하영안전물산,토시,5305.0,2026-10,-1795.0,-8233.0,-15363.0,-24016.0,-28382.0,-37568.0,-43919.0,-48611.0,-55804.0,-63125.0,-68236.0,-72818.0
학코팅공업사,대광노랑반코팅(10P),1878.0,품절예상없음,1777.0,1655.0,1509.0,1448.0,1435.0,1337.0,1286.0,1181.0,1073.0,898.0,768.0,623.0
학코팅공업사,대광면완전코팅(오래),0.0,2026-10,-300.0,-600.0,-900.0,-1200.0,-1500.0,-1800.0,-2100.0,-2400.0,-2700.0,-3000.0,-3300.0,-3600.0
학코팅공업사,후디스노랑반코팅(13g),8870.0,2026-10,-1647.0,-8715.0,-13282.0,-16707.0,-23961.0,-33359.0,-43938.0,-49243.0,-62113.0,-66307.0,-70680.0,-75185.0
학코팅공업사,후디스흰반코팅(13g),5600.0,2027-01,3168.0,1196.0,643.0,-1814.0,-2622.0,-4688.0,-7213.0,-9151.0,-11285.0,-12101.0,-15221.0,-16122.0
한결유통,위생장갑(하품),0.0,2026-10,-320.0,-1119.0,-1599.0,-1999.0,-2399.0,-2799.0,-3199.0,-3599.0,-3999.0,-4399.0,-4799.0,-5199.0
해광장갑,백나일론(해광)10P,0.0,2026-10,-22.0,-422.0,-444.0,-777.0,-1027.0,-1427.0,-1810.0,-1982.0,-2149.0,-2390.0,-2631.0,-2872.0
해광장갑,실장갑50g(10P),0.0,2026-10,-310.0,-550.0,-680.0,-780.0,-855.0,-870.0,-885.0,-900.0,-915.0,-930.0,-945.0,-960.0
호성산업,레자토시(고무줄),300.0,2026-10,-105.0,-348.0,-591.0,-753.0,-996.0,-1239.0,-1482.0,-1725.0,-1968.0,-2211.0,-2454.0,-2697.0
호성산업,레자토시(시보리),200.0,2026-10,-40.0,-208.0,-328.0,-496.0,-616.0,-784.0,-904.0,-1072.0,-1192.0,-1312.0,-1552.0,-1792.0
호성산업,은박방수토시(고무줄),500.0,2026-11,293.0,-17.0,-220.0,-530.0,-733.0,-936.0,-1153.0,-1236.0,-1546.0,-1749.0,-1952.0,-2155.0
호성산업,은박방수토시(시보리),100.0,2026-10,-125.0,-305.0,-559.0,-919.0,-1369.0,-1549.0,-1909.0,-2089.0,-2359.0,-2584.0,-2672.0,-2897.0
호성산업,청앞치마(중),0.0,2026-10,-91.0,-182.0,-273.0,-364.0,-429.0,-442.0,-520.0,-624.0,-715.0,-806.0,-897.0,-988.0
호성산업,청토시(100입),700.0,2026-12,460.0,220.0,-100.0,-556.0,-636.0,-1044.0,-1404.0,-1740.0,-1900.0,-2084.0,-2106.0,-2306.0
호성산업,청토시(100입)겨울용,300.0,2027-04,281.0,208.0,98.0,40.0,21.0,2.0,-35.0,-57.0,-72.0,-79.0,-94.0,-113.0
호성산업,후디스토시1P,3200.0,2026-12,2443.0,556.0,-102.0,-1873.0,-3104.0,-5397.0,-6619.0,-8833.0,-9804.0,-11221.0,-11971.0,-13597.0
화흥장갑무역,PU코팅(L)검 손바닥(10P),0.0,2026-10,-150.0,-160.0,-170.0,-180.0,-190.0,-200.0,-210.0,-220.0,-230.0,-240.0,-250.0,-260.0
