매입처명,상품명,현재고,품절예상월,2026-07,2026-08,2026-09,2026-10,2026-11,2026-12,2027-01,2027-02,2027-03,2027-04,2027-05,2027-06
(주)동원장갑,대광노랑반코팅(10P)(A),4530.0,2026-07,-542.0,-5596.0,-10118.0,-13696.0,-17245.0,-22380.0,-26747.0,-29753.0,-33753.0,-38000.0,-41000.0,-45429.0
(주)동원장갑,대광반코팅(10P)13g,5697.0,2026-09,4078.0,2488.0,-128.0,-2537.0,-4675.0,-5873.0,-7302.0,-8660.0,-9902.0,-11125.0,-12066.0,-13427.0
(주)동원장갑,대광실완전코팅(힘써)(A),27861.0,2026-07,-33746.0,-74429.0,-114594.0,-174005.0,-232491.0,-278420.0,-334111.0,-373992.0,-424878.0,-488672.0,-525078.0,-571622.0
(주)동원장갑,동원반코팅(10P),0.0,2026-07,-450.0,-900.0,-1350.0,-1875.0,-2325.0,-2775.0,-3225.0,-3675.0,-4125.0,-4575.0,-5025.0,-5475.0
(주)동원장갑,동원실완전코팅(A),0.0,2026-07,-500.0,-1250.0,-1750.0,-2250.0,-2750.0,-3250.0,-3750.0,-4250.0,-4750.0,-5250.0,-5750.0,-6250.0
(주)동원장갑,실장갑40g(10P)(A),4960.0,2026-10,2392.0,1200.0,13.0,-637.0,-1887.0,-3357.0,-3895.0,-4619.0,-5198.0,-6064.0,-6882.0,-7681.0
(주)동원장갑,오런소프트(L)파,1081.0,2026-10,1042.0,1033.0,904.0,-31.0,-1604.0,-3931.0,-4715.0,-4982.0,-5068.0,-5175.0,-5396.0,-5509.0
(주)동원장갑,오런소프트(M)파,4444.0,2026-12,4297.0,4262.0,4154.0,3404.0,1894.0,-175.0,-801.0,-1017.0,-1091.0,-1149.0,-1184.0,-1223.0
(주)동원장갑,오런실장갑35죽포(10P)(A),0.0,2026-07,-3397.0,-6662.0,-9977.0,-14379.0,-16847.0,-20029.0,-22236.0,-26346.0,-29711.0,-32681.0,-35828.0,-39343.0
(주)동원장갑,오런하늘코팅(M),31500.0,2026-11,27613.0,16940.0,9535.0,2625.0,-3311.0,-8720.0,-15052.0,-20098.0,-30659.0,-42584.0,-48487.0,-54533.0
(주)동원장갑,후디스줄기사13g(A),47390.0,2026-08,20204.0,-10542.0,-48387.0,-68085.0,-92765.0,-115893.0,-159179.0,-171582.0,-187654.0,-224410.0,-243596.0,-262515.0
(주)디제이씨한국다정,대광TC예식,-2420.0,2026-07,-47573.0,-82596.0,-130546.0,-184460.0,-237682.0,-300595.0,-345367.0,-383630.0,-429582.0,-475366.0,-519449.0,-563528.0
(주)디제이씨한국다정,대광기누(L)백(10P)(3-4L),190.0,2026-09,128.0,46.0,-22.0,-96.0,-193.0,-248.0,-313.0,-347.0,-439.0,-543.0,-596.0,-698.0
(주)디제이씨한국다정,대광기누(L)살(10P),270.0,2026-10,230.0,165.0,118.0,-116.0,-241.0,-360.0,-479.0,-533.0,-688.0,-853.0,-904.0,-1012.0
(주)디제이씨한국다정,대광기누(L)청(10P)(3-2L),1659.0,2026-09,984.0,451.0,-470.0,-1107.0,-2303.0,-3247.0,-3956.0,-4530.0,-5205.0,-5939.0,-6633.0,-7378.0
(주)디제이씨한국다정,대광기누(L)커(10P),75.0,2026-07,-7.0,-62.0,-94.0,-247.0,-479.0,-644.0,-690.0,-739.0,-865.0,-1101.0,-1114.0,-1161.0
(주)디제이씨한국다정,대광기누(L)홍(10P)(3-3L),549.0,2026-10,458.0,356.0,253.0,-12.0,-313.0,-713.0,-999.0,-1178.0,-1334.0,-1592.0,-1751.0,-1902.0
(주)디제이씨한국다정,대광기누(M)백(10P),75.0,2026-09,48.0,15.0,-6.0,-36.0,-70.0,-92.0,-132.0,-150.0,-180.0,-230.0,-266.0,-284.0
(주)디제이씨한국다정,대광기누(M)청(10P)(3-2M),438.0,2026-08,203.0,-12.0,-224.0,-467.0,-810.0,-1029.0,-1264.0,-1412.0,-1731.0,-2091.0,-2169.0,-2489.0
(주)디제이씨한국다정,대광기누(M)홍(10P)(3-3M),169.0,2026-12,158.0,138.0,120.0,100.0,42.0,-35.0,-75.0,-115.0,-157.0,-181.0,-209.0,-258.0
(주)디제이씨한국다정,대광기누(청)상L(10P),270.0,2026-10,180.0,105.0,30.0,-45.0,-183.0,-271.0,-359.0,-434.0,-522.0,-597.0,-672.0,-747.0
(주)디제이씨한국다정,대광기누(청)상M(10P),30.0,2026-07,-5.0,-47.0,-82.0,-124.0,-192.0,-234.0,-269.0,-311.0,-346.0,-366.0,-408.0,-436.0
(주)디제이씨한국다정,대광밴드예식,13580.0,2026-09,8791.0,77.0,-5649.0,-16385.0,-25699.0,-34962.0,-44958.0,-50792.0,-61226.0,-72061.0,-79175.0,-87177.0
(주)디제이씨한국다정,대광예식(단추),6540.0,2026-08,3756.0,-503.0,-3118.0,-8530.0,-14879.0,-19904.0,-25899.0,-29854.0,-35873.0,-40566.0,-47121.0,-49525.0
(주)디제이씨한국다정,대광예식(무단추),8900.0,2027-03,8343.0,6922.0,6001.0,4978.0,3811.0,2763.0,1179.0,445.0,-1354.0,-1982.0,-2713.0,-3513.0
(주)디제이씨한국다정,오런커피위생(L)10P,0.0,2026-07,-240.0,-510.0,-713.0,-916.0,-1186.0,-1501.0,-1704.0,-1839.0,-2042.0,-2282.0,-2485.0,-2687.0
(주)디제이씨한국다정,오런커피위생(M)10P,0.0,2026-07,-400.0,-1218.0,-1831.0,-2274.0,-2887.0,-3603.0,-4012.0,-4455.0,-5375.0,-6022.0,-6465.0,-7419.0
(주)디제이씨한국다정,크린랲예식장갑2켤레,12000.0,2026-12,10847.0,7812.0,7326.0,2227.0,1863.0,-2872.0,-6271.0,-10399.0,-14223.0,-14496.0,-20505.0,-23874.0
(주)디제이씨한국다정,파일럿2-6(단추),3600.0,2026-09,1691.0,303.0,-2213.0,-3254.0,-6638.0,-8287.0,-11671.0,-13522.0,-14390.0,-16501.0,-17551.0,-19344.0
(주)디제이씨한국다정,파일럿2-6K(무단추),16620.0,2026-08,5638.0,-1116.0,-8843.0,-18957.0,-27502.0,-34363.0,-43658.0,-54062.0,-63857.0,-73811.0,-81128.0,-89308.0
(주)디제이씨한국다정,후디스면장갑1호(단추),2680.0,2026-11,1958.0,1493.0,1314.0,497.0,-167.0,-902.0,-1428.0,-2066.0,-2447.0,-3134.0,-3752.0,-4474.0
(주)디제이씨한국다정,후디스면장갑1호(무단추),3740.0,2026-07,-26.0,-4345.0,-7411.0,-10722.0,-13416.0,-18682.0,-23507.0,-26762.0,-29816.0,-35059.0,-37770.0,-40582.0
(주)디제이씨한국다정,후디스면장갑1호(무단추)(여성용),1700.0,2026-07,-100.0,-1600.0,-3400.0,-4600.0,-6400.0,-7900.0,-9700.0,-11200.0,-12150.0,-13950.0,-15750.0,-17550.0
(주)디제이씨한국다정,후디스면장갑1호(밴드),-600.0,2026-07,-1759.0,-2446.0,-3771.0,-5013.0,-6752.0,-7746.0,-8574.0,-9568.0,-10752.0,-12325.0,-13070.0,-13815.0
(주)디제이씨한국다정,후디스면장갑2호(단추),4600.0,2026-07,-2497.0,-6012.0,-9364.0,-12472.0,-15631.0,-19495.0,-23935.0,-28143.0,-30041.0,-39327.0,-41951.0,-44126.0
(주)디제이씨한국다정,후디스면장갑2호(무단추),2070.0,2026-07,-939.0,-3924.0,-6856.0,-8716.0,-10665.0,-12859.0,-13828.0,-16342.0,-19633.0,-25185.0,-30102.0,-40738.0
(주)디제이씨한국다정,후디스면장갑2호(밴드),9110.0,2026-09,6645.0,3148.0,-26.0,-2963.0,-6789.0,-9904.0,-12636.0,-15742.0,-18551.0,-21692.0,-24344.0,-26910.0
(주)디제이씨한국다정,후디스면장갑3호(단추),-12770.0,2026-07,-15272.0,-20291.0,-32710.0,-36665.0,-44049.0,-50466.0,-59100.0,-62214.0,-70068.0,-73734.0,-79599.0,-86040.0
(주)디제이씨한국다정,후디스면장갑3호(무단추),1829.0,2026-09,1260.0,215.0,-1430.0,-2799.0,-4897.0,-6404.0,-8877.0,-10660.0,-13603.0,-15486.0,-16171.0,-18976.0
(주)디제이씨한국다정,후디스면장갑4호,12051.0,2026-08,1123.0,-7615.0,-12577.0,-16167.0,-24087.0,-29615.0,-37484.0,-43472.0,-47131.0,-54531.0,-60167.0,-65594.0
(주)디제이씨한국다정,후디스면장갑왕특단(무단추),1400.0,2026-10,931.0,684.0,209.0,-415.0,-908.0,-1932.0,-2742.0,-3282.0,-4256.0,-4507.0,-5112.0,-5494.0
(주)디제이씨한국다정,후디스엠보싱(노랑)기모,6300.0,2026-09,2227.0,185.0,-1877.0,-3919.0,-3984.0,-11606.0,-17573.0,-20565.0,-21147.0,-23194.0,-27267.0,-31340.0
(주)디제이씨한국다정,후디스엠보싱(노랑)사계(10-8A),190.0,2026-07,-1665.0,-4088.0,-14162.0,-23024.0,-34470.0,-38995.0,-44856.0,-49045.0,-61309.0,-73497.0,-79525.0,-83130.0
(주)디제이씨한국다정,후디스엠보싱(적색)사계(10-8AAA),-10.0,2026-07,-320.0,-1246.0,-1773.0,-4148.0,-6976.0,-8365.0,-10331.0,-10893.0,-11657.0,-13465.0,-13800.0,-14071.0
(주)디제이씨한국다정,후디스엠보싱(적색)하계,4780.0,2027-06,4222.0,3964.0,3843.0,3610.0,3381.0,3365.0,2825.0,2730.0,1916.0,1523.0,297.0,-646.0
(주)디제이씨한국다정,후디스엠보싱(초록)사계(10-8AA),2960.0,2026-10,2520.0,2245.0,76.0,-2455.0,-5475.0,-8233.0,-11740.0,-13765.0,-15618.0,-18698.0,-20437.0,-20694.0
(주)디제이씨한국다정,후디스엠보싱(초록)하계,7970.0,2027-06,6520.0,4927.0,4762.0,4126.0,4083.0,3582.0,3170.0,3083.0,2939.0,2357.0,491.0,-2707.0
(주)디제이씨한국다정,후디스엠보싱(파랑)기모,200.0,2026-07,-357.0,-914.0,-959.0,-1141.0,-1303.0,-1620.0,-1851.0,-2247.0,-2277.0,-2419.0,-2561.0,-3118.0
(주)디제이씨한국다정,후디스엠보싱(파랑)사계(10-8AAAA),2620.0,2026-09,1231.0,41.0,-1381.0,-3241.0,-4958.0,-6853.0,-9038.0,-10559.0,-11782.0,-13155.0,-14366.0,-15221.0
(주)디제이씨한국다정,후디스엠보싱(파랑)하계,4120.0,2027-03,2335.0,1780.0,1608.0,1548.0,1535.0,1504.0,442.0,245.0,-116.0,-1196.0,-2721.0,-4537.0
(주)명진,대광공업용흑9호,-180.0,2026-07,-439.0,-824.0,-1464.0,-2262.0,-2746.0,-3509.0,-3685.0,-3856.0,-4200.0,-4466.0,-4965.0,-5707.0
(주)명진,후디스고무장갑왕특대(XXL)투,10748.0,2026-09,6616.0,1286.0,-603.0,-4090.0,-8984.0,-13445.0,-16794.0,-20647.0,-24471.0,-30627.0,-33455.0,-38085.0
(주)명진,후디스고무장갑왕특대(XXL)핑,2504.0,2026-08,62.0,-2497.0,-4594.0,-6860.0,-10049.0,-12803.0,-14925.0,-16038.0,-18771.0,-20952.0,-22974.0,-24773.0
(주)신성메이저글러브,로얄블루수입(S)(10P),0.0,2026-07,-20.0,-37.0,-69.0,-89.0,-111.0,-146.0,-166.0,-186.0,-230.0,-250.0,-270.0,-298.0
(주)윈윈트레이딩,대광공업용황10호,-1833.0,2026-07,-8282.0,-14864.0,-23780.0,-29254.0,-38944.0,-47806.0,-54881.0,-62429.0,-70737.0,-83498.0,-93069.0,-101776.0
(주)윈윈트레이딩,대광공업용황12호,167.0,2026-07,-621.0,-2287.0,-3527.0,-5210.0,-8080.0,-10567.0,-12457.0,-13904.0,-15959.0,-17069.0,-20573.0,-22304.0
(주)윈윈트레이딩,대광공업용황9호,1638.0,2026-07,-1831.0,-6672.0,-10738.0,-17699.0,-23459.0,-30532.0,-35189.0,-39994.0,-44521.0,-50133.0,-53268.0,-61463.0
(주)케이아이패션,후디스쿨토시(검정),9783.0,2027-05,6575.0,5377.0,5104.0,4987.0,4844.0,4087.0,3330.0,3262.0,2854.0,1448.0,-695.0,-3804.0
(주)케이아이패션,후디스쿨토시(백색),5510.0,2026-12,2597.0,1437.0,1197.0,1116.0,402.0,-337.0,-932.0,-1566.0,-1907.0,-3416.0,-5261.0,-8670.0
(주)케이아이패션,후디스쿨토시(연핑크),1010.0,2027-04,980.0,953.0,903.0,769.0,635.0,501.0,367.0,233.0,99.0,-82.0,-179.0,-276.0
(주)케이아이패션,후디스쿨토시(카키),150.0,2026-09,68.0,54.0,-48.0,-49.0,-50.0,-51.0,-52.0,-53.0,-54.0,-80.0,-217.0,-256.0
(주)케이아이패션,후디스쿨토시(파랑),1481.0,2027-04,1262.0,1166.0,1081.0,810.0,539.0,268.0,183.0,95.0,10.0,-265.0,-501.0,-819.0
(주)케이아이패션,후디스쿨토시(하늘),420.0,2026-11,377.0,300.0,226.0,28.0,-170.0,-368.0,-566.0,-616.0,-678.0,-754.0,-874.0,-939.0
공동글러브(형제글러브신규),오런청포도이중코팅,0.0,2026-07,-200.0,-400.0,-600.0,-800.0,-1000.0,-1200.0,-1400.0,-1600.0,-1800.0,-2000.0,-2200.0,-2400.0
광개토안전공사,솔벡스(GN-8호),60.0,2026-07,-11.0,-62.0,-100.0,-148.0,-191.0,-229.0,-270.0,-333.0,-371.0,-414.0,-462.0,-510.0
광개토안전공사,솔벡스10호,-24.0,2026-07,-182.0,-236.0,-382.0,-540.0,-626.0,-696.0,-855.0,-978.0,-1109.0,-1261.0,-1321.0,-1341.0
광명코팅(신규),새마을노랑반코팅,0.0,2026-07,-100.0,-200.0,-300.0,-400.0,-650.0,-750.0,-850.0,-1000.0,-1100.0,-1200.0,-1300.0,-1400.0
광명코팅(신규),새마을도트(대)검10P,130.0,2026-07,-1.0,-93.0,-139.0,-243.0,-397.0,-496.0,-571.0,-691.0,-794.0,-970.0,-1022.0,-1090.0
광명코팅(신규),새마을도트(대)파10P,0.0,2026-07,-22.0,-33.0,-74.0,-108.0,-138.0,-163.0,-188.0,-249.0,-258.0,-290.0,-303.0,-363.0
광명코팅(신규),새마을도트(대)회10P,75.0,2026-09,45.0,25.0,-23.0,-47.0,-155.0,-179.0,-220.0,-258.0,-280.0,-342.0,-366.0,-374.0
광명코팅(신규),새마을도트(소)검10P,0.0,2026-07,-7.0,-46.0,-111.0,-124.0,-158.0,-233.0,-265.0,-304.0,-334.0,-395.0,-453.0,-515.0
광명코팅(신규),새마을도트(소)적10P,70.0,2026-10,57.0,35.0,13.0,-9.0,-31.0,-53.0,-66.0,-88.0,-96.0,-126.0,-148.0,-170.0
광명코팅(신규),새마을도트(소)파10P,5.0,2026-07,-3.0,-14.0,-32.0,-46.0,-60.0,-78.0,-89.0,-100.0,-111.0,-141.0,-155.0,-173.0
광명코팅(신규),새마을도트(소)회10P,65.0,2026-12,50.0,42.0,32.0,22.0,6.0,-4.0,-14.0,-24.0,-32.0,-47.0,-57.0,-67.0
광명코팅(신규),새마을도트(중)검10P,30.0,2026-07,-25.0,-125.0,-164.0,-254.0,-293.0,-407.0,-425.0,-551.0,-616.0,-767.0,-822.0,-935.0
광명코팅(신규),새마을도트(중)백10P,0.0,2026-07,-50.0,-100.0,-150.0,-200.0,-250.0,-300.0,-350.0,-400.0,-450.0,-500.0,-550.0,-600.0
광명코팅(신규),새마을도트(중)적10P,25.0,2026-09,9.0,4.0,-1.0,-6.0,-11.0,-27.0,-33.0,-35.0,-42.0,-54.0,-59.0,-68.0
광명코팅(신규),새마을도트(중)파10P,40.0,2026-08,16.0,-10.0,-32.0,-48.0,-51.0,-87.0,-95.0,-116.0,-120.0,-140.0,-143.0,-157.0
광명코팅(신규),새마을도트(중)회10P,25.0,2026-07,-13.0,-52.0,-92.0,-156.0,-227.0,-262.0,-276.0,-302.0,-325.0,-403.0,-433.0,-450.0
광명코팅(신규),새마을면완전코팅,800.0,2026-08,444.0,-324.0,-751.0,-1348.0,-1988.0,-3055.0,-3482.0,-3715.0,-3857.0,-4582.0,-5066.0,-5422.0
광명코팅(신규),새마을실완전코팅,900.0,2026-08,344.0,-622.0,-1325.0,-1618.0,-2438.0,-3404.0,-3931.0,-4370.0,-4721.0,-5804.0,-6349.0,-7008.0
광명코팅(신규),새마을이중코팅,2000.0,2026-07,-5388.0,-15612.0,-24201.0,-32162.0,-40869.0,-48090.0,-55065.0,-59370.0,-67237.0,-75392.0,-81599.0,-88944.0
광명코팅(신규),후디스더블NBR(L)적,453.0,2026-07,-42.0,-350.0,-584.0,-624.0,-1378.0,-1653.0,-1770.0,-1799.0,-1834.0,-1958.0,-2279.0,-2513.0
광명코팅(신규),후디스더블NBR(L)파,120.0,2026-07,-687.0,-1064.0,-1734.0,-2784.0,-3407.0,-3848.0,-5188.0,-5559.0,-6220.0,-6655.0,-7372.0,-8004.0
광명코팅(신규),후디스더블NBR(M)파,837.0,2026-09,402.0,189.0,-161.0,-1096.0,-1737.0,-2086.0,-2709.0,-3074.0,-3412.0,-3667.0,-4148.0,-4594.0
광명코팅(신규),후디스더블NBR(S)파,910.0,2026-11,630.0,568.0,340.0,22.0,-99.0,-214.0,-279.0,-435.0,-635.0,-682.0,-1106.0,-1368.0
기타,NBR장갑(10켤레)(L),0.0,2026-07,-30.0,-60.0,-94.0,-146.0,-165.0,-818.0,-834.0,-863.0,-967.0,-1019.0,-1078.0,-1137.0
기타,NBR장갑(10켤레)(M),0.0,2026-07,-31.0,-56.0,-76.0,-122.0,-141.0,-285.0,-303.0,-317.0,-349.0,-374.0,-439.0,-463.0
기타,고탄력도트 흰색 대,0.0,2026-07,-30.0,-60.0,-90.0,-120.0,-150.0,-180.0,-210.0,-240.0,-265.0,-295.0,-325.0,-360.0
기타,고탄력블루 대(L),0.0,2026-07,-120.0,-290.0,-492.0,-544.0,-582.0,-664.0,-854.0,-884.0,-959.0,-1064.0,-1234.0,-1559.0
기타,고탄력블루 롱-대(L),0.0,2026-07,-95.0,-190.0,-300.0,-315.0,-485.0,-655.0,-825.0,-995.0,-1165.0,-1335.0,-1430.0,-1520.0
기타,고탄력블루 롱-소(S),0.0,2026-07,-355.0,-1045.0,-1395.0,-1800.0,-2150.0,-2545.0,-3235.0,-3925.0,-4615.0,-5305.0,-5995.0,-6365.0
기타,고탄력블루 롱-중(M),0.0,2026-07,-65.0,-85.0,-105.0,-125.0,-145.0,-165.0,-185.0,-205.0,-225.0,-245.0,-265.0,-320.0
기타,고탄력블루 소(S),0.0,2026-07,-1629.0,-2082.0,-2308.0,-2955.0,-3839.0,-4724.0,-5177.0,-5398.0,-6013.0,-6525.0,-8844.0,-11168.0
기타,고탄력블루 중(M),0.0,2026-07,-510.0,-976.0,-1548.0,-1773.0,-2195.0,-2355.0,-2415.0,-2555.0,-2877.0,-3182.0,-3917.0,-5297.0
기타,나일론내피(M)청,0.0,2026-07,-30.0,-60.0,-90.0,-135.0,-250.0,-315.0,-430.0,-460.0,-525.0,-555.0,-585.0,-615.0
기타,다목적 접이식 가방,0.0,2026-07,-4.0,-8.0,-12.0,-16.0,-20.0,-24.0,-28.0,-32.0,-36.0,-40.0,-44.0,-48.0
기타,대광실완전코팅(5P)(영남),120.0,2026-08,63.0,-10.0,-76.0,-127.0,-143.0,-192.0,-217.0,-258.0,-282.0,-348.0,-390.0,-414.0
기타,대광실완전코팅(힘써),0.0,2026-07,-300.0,-600.0,-900.0,-1200.0,-1500.0,-1800.0,-2100.0,-2400.0,-2700.0,-3000.0,-3300.0,-3600.0
기타,마미손특대오른손2개(100입),0.0,2026-07,-100.0,-200.0,-300.0,-400.0,-500.0,-600.0,-700.0,-800.0,-900.0,-1000.0,-1100.0,-1200.0
기타,마미손특대왼손2개(100입),0.0,2026-07,-100.0,-200.0,-300.0,-400.0,-500.0,-600.0,-700.0,-800.0,-900.0,-1000.0,-1100.0,-1200.0
기타,멀티등외품,0.0,2026-07,-425.0,-675.0,-1225.0,-1750.0,-1875.0,-2600.0,-3025.0,-4225.0,-5425.0,-6625.0,-6992.0,-7492.0
기타,멀티등외품(A),0.0,2026-07,-905.0,-2735.0,-4309.0,-5371.0,-6984.0,-8519.0,-9605.0,-10845.0,-12262.0,-13364.0,-14236.0,-15476.0
기타,면마스크(백색)(A),1200.0,2026-08,600.0,-400.0,-950.0,-1525.0,-2525.0,-3525.0,-4525.0,-5525.0,-6525.0,-7175.0,-8175.0,-9175.0
기타,빠레트 운임 할인분,0.0,2026-07,-1.0,-2.0,-3.0,-4.0,-5.0,-6.0,-7.0,-8.0,-9.0,-10.0,-11.0,-12.0
기타,스텐집게,-4.0,2026-07,-28.0,-44.0,-56.0,-63.0,-85.0,-102.0,-116.0,-128.0,-142.0,-153.0,-162.0,-170.0
기타,오런NBR장갑(10켤레)(L)(U),-76.0,2026-07,-242.0,-408.0,-574.0,-740.0,-906.0,-1072.0,-1238.0,-1404.0,-1570.0,-1736.0,-1902.0,-2068.0
기타,오런NBR장갑(10켤레)(M)(U),0.0,2026-07,-100.0,-200.0,-300.0,-400.0,-500.0,-600.0,-700.0,-800.0,-900.0,-1000.0,-1100.0,-1200.0
기타,오런고탄력PU(S)회 손끝(10P),0.0,2026-07,-12.0,-27.0,-45.0,-60.0,-70.0,-82.0,-94.0,-109.0,-121.0,-146.0,-161.0,-176.0
기타,오런기사님3P,0.0,2026-07,-464.0,-931.0,-1641.0,-2169.0,-3077.0,-3829.0,-4269.0,-4784.0,-5289.0,-5652.0,-6235.0,-6466.0
기타,오런라이트(L)회,2516.0,2026-07,-14115.0,-29440.0,-49562.0,-66349.0,-78497.0,-91555.0,-99288.0,-113882.0,-123449.0,-144979.0,-163068.0,-177733.0
기타,오런라이트(M)회,-582.0,2026-07,-12317.0,-21363.0,-33245.0,-44782.0,-54045.0,-61779.0,-68548.0,-76010.0,-87012.0,-104523.0,-116855.0,-128374.0
기타,오런라이트(S)회,240.0,2026-07,-5907.0,-10218.0,-16621.0,-23684.0,-28607.0,-31203.0,-35410.0,-39182.0,-43564.0,-51509.0,-58263.0,-63813.0
기타,오런라이트B급,0.0,2026-07,-47.0,-101.0,-183.0,-230.0,-304.0,-351.0,-395.0,-419.0,-463.0,-537.0,-611.0,-658.0
기타,오런멀티1P(L)남색,0.0,2026-07,-278.0,-395.0,-664.0,-824.0,-1099.0,-1150.0,-1336.0,-1392.0,-1492.0,-1657.0,-1796.0,-1938.0
기타,오런멀티1P(S)자주,0.0,2026-07,-369.0,-621.0,-859.0,-1141.0,-1539.0,-1757.0,-2010.0,-2203.0,-2442.0,-2704.0,-3016.0,-3249.0
기타,오런멀티5P(L)적,-40.0,2026-07,-53.0,-65.0,-87.0,-99.0,-107.0,-109.0,-121.0,-141.0,-176.0,-183.0,-194.0,-227.0
기타,오런멀티5P(M)적,-2.0,2026-07,-10.0,-13.0,-15.0,-17.0,-18.0,-23.0,-31.0,-39.0,-40.0,-55.0,-59.0,-69.0
기타,오런반코팅1P,600.0,2026-07,0.0,-900.0,-1650.0,-2400.0,-3000.0,-3600.0,-4000.0,-4450.0,-5350.0,-6250.0,-7150.0,-8050.0
기타,오런반코팅3P(신규바코드),100.0,2026-07,-663.0,-1309.0,-2114.0,-2886.0,-3690.0,-4160.0,-4544.0,-5034.0,-5534.0,-5975.0,-6642.0,-7120.0
기타,오런알로에텍스위생10매(M),0.0,2026-07,-150.0,-350.0,-550.0,-750.0,-1217.0,-1367.0,-1567.0,-1767.0,-1967.0,-2367.0,-2567.0,-2767.0
기타,오런에어폼(L)회,1744.0,2026-09,1067.0,642.0,-259.0,-970.0,-1698.0,-2641.0,-3287.0,-4018.0,-4416.0,-5019.0,-5749.0,-6149.0
기타,오런에어폼(M)하늘,0.0,2026-07,-23.0,-49.0,-77.0,-93.0,-116.0,-134.0,-157.0,-185.0,-211.0,-221.0,-241.0,-264.0
기타,오런에어폼(M)회,-20.0,2026-07,-714.0,-1043.0,-1550.0,-2165.0,-2942.0,-4631.0,-5593.0,-6171.0,-6789.0,-8024.0,-8882.0,-9524.0
기타,오런에어폼(S)핑,0.0,2026-07,-22.0,-34.0,-71.0,-88.0,-143.0,-153.0,-176.0,-193.0,-208.0,-253.0,-267.0,-289.0
기타,오런에어폼(S)회,-65.0,2026-07,-696.0,-1468.0,-2084.0,-2583.0,-3109.0,-3938.0,-4667.0,-5449.0,-5929.0,-6443.0,-6960.0,-7477.0
기타,오런예식10P(영남),-60.0,2026-07,-374.0,-653.0,-1194.0,-1508.0,-1910.0,-2154.0,-2503.0,-2782.0,-2991.0,-3410.0,-3776.0,-3946.0
기타,오런오렌지이중코팅(A),0.0,2026-07,-100.0,-200.0,-300.0,-400.0,-500.0,-600.0,-700.0,-800.0,-900.0,-1000.0,-1100.0,-1200.0
기타,오런오렌지황이중코팅,0.0,2026-07,-100.0,-200.0,-300.0,-400.0,-500.0,-600.0,-700.0,-800.0,-900.0,-1000.0,-1100.0,-1200.0
기타,오런줄기사3P,0.0,2026-07,-222.0,-455.0,-647.0,-892.0,-1137.0,-1277.0,-1417.0,-1567.0,-1759.0,-1899.0,-2301.0,-2546.0
기타,오런탑(M)하늘,-200.0,2026-07,-350.0,-550.0,-750.0,-950.0,-1150.0,-1350.0,-1550.0,-1750.0,-1950.0,-2295.0,-2445.0,-2645.0
기타,오런탑(S)핑크,0.0,2026-07,-150.0,-300.0,-475.0,-650.0,-730.0,-855.0,-1055.0,-1205.0,-1355.0,-1488.0,-1613.0,-1763.0
기타,오런탑도트(M)하늘,237.0,2026-11,220.0,178.0,81.0,22.0,-40.0,-74.0,-142.0,-144.0,-223.0,-329.0,-369.0,-472.0
기타,오런투라인10P(영남),120.0,2026-07,-104.0,-306.0,-636.0,-906.0,-1151.0,-1257.0,-1449.0,-1629.0,-1704.0,-1949.0,-2194.0,-2226.0
기타,오런투라인장갑10P(식자재),90.0,2026-07,-43.0,-177.0,-305.0,-432.0,-566.0,-660.0,-803.0,-913.0,-988.0,-1115.0,-1207.0,-1298.0
기타,"오런포리PU(L)회손바닥(10P)(A)""바코드작업",0.0,2026-07,-81.0,-203.0,-227.0,-295.0,-376.0,-417.0,-471.0,-512.0,-593.0,-715.0,-756.0,-810.0
기타,오런포리PU(L)회손바닥(10P)(U)바코드작업,-50.0,2026-07,-117.0,-184.0,-251.0,-318.0,-385.0,-452.0,-519.0,-586.0,-644.0,-702.0,-769.0,-852.0
기타,"오런포리PU(M)회손바닥(10P)(A)""바코드작업",0.0,2026-07,-54.0,-130.0,-172.0,-215.0,-294.0,-336.0,-412.0,-454.0,-517.0,-602.0,-644.0,-707.0
기타,오런포리PU(M)회손바닥(10P)(U)바코드작업,0.0,2026-07,-67.0,-134.0,-201.0,-268.0,-335.0,-402.0,-469.0,-536.0,-594.0,-652.0,-719.0,-802.0
기타,오런표백도트장갑10P(식자재),90.0,2026-09,36.0,4.0,-46.0,-144.0,-192.0,-240.0,-385.0,-451.0,-499.0,-564.0,-618.0,-666.0
기타,오런표백실장갑5P(영남),660.0,2026-10,495.0,309.0,62.0,-206.0,-371.0,-494.0,-649.0,-835.0,-928.0,-1206.0,-1515.0,-1645.0
기타,오런행사용장갑10P(식자재),60.0,2026-07,-138.0,-301.0,-485.0,-665.0,-870.0,-1010.0,-1269.0,-1369.0,-1428.0,-1568.0,-1729.0,-1931.0
기타,오런행사용장갑2P(밴드),250.0,2026-07,-142.0,-943.0,-1483.0,-2011.0,-2640.0,-3623.0,-4415.0,-5044.0,-5661.0,-6199.0,-7141.0,-7681.0
기타,응원장갑(청),0.0,2026-07,-152.0,-304.0,-456.0,-608.0,-760.0,-912.0,-1064.0,-1290.0,-1381.0,-1607.0,-1723.0,-1824.0
기타,절단방지코팅장갑(L)1P,0.0,2026-07,-15.0,-30.0,-45.0,-60.0,-75.0,-90.0,-105.0,-120.0,-135.0,-150.0,-168.0,-180.0
기타,절단방지코팅장갑(M),0.0,2026-07,-20.0,-21.0,-22.0,-57.0,-58.0,-59.0,-60.0,-61.0,-67.0,-73.0,-74.0,-150.0
기타,지연입고 상금,0.0,2026-07,-1.0,-2.0,-3.0,-4.0,-5.0,-6.0,-7.0,-8.0,-9.0,-10.0,-11.0,-12.0
기타,청포도 + 오렌지 작업 필요,0.0,2026-07,-20.0,-40.0,-60.0,-80.0,-100.0,-120.0,-140.0,-160.0,-180.0,-200.0,-220.0,-240.0
기타,크린랲반코팅장갑3켤레,600.0,2026-07,-600.0,-3233.0,-3966.0,-6199.0,-8499.0,-9532.0,-13299.0,-14699.0,-16599.0,-18366.0,-19066.0,-20799.0
기타,크린랲완전코팅,-1.0,2026-07,-266.0,-666.0,-865.0,-1461.0,-1858.0,-2057.0,-2355.0,-2752.0,-3348.0,-3547.0,-3845.0,-4245.0
기타,한스피엠아이 메디 차액 정산,0.0,2026-07,-140.0,-280.0,-420.0,-560.0,-700.0,-840.0,-980.0,-1120.0,-1260.0,-1400.0,-1540.0,-1680.0
기타,화로장갑(L)(1P),-1.0,2026-07,-7.0,-18.0,-34.0,-45.0,-46.0,-52.0,-63.0,-114.0,-120.0,-128.0,-182.0,-193.0
기타,화로장갑(M)(1P),0.0,2026-07,-20.0,-27.0,-59.0,-75.0,-89.0,-109.0,-129.0,-150.0,-180.0,-223.0,-228.0,-248.0
기타,화로장갑(long)(L)(1P),-5.0,2026-07,-8.0,-16.0,-32.0,-40.0,-45.0,-49.0,-57.0,-61.0,-70.0,-84.0,-92.0,-100.0
기타,화로장갑(long)(M)(1P),0.0,2026-07,-1.0,-2.0,-3.0,-9.0,-13.0,-16.0,-17.0,-18.0,-20.0,-21.0,-22.0,-23.0
기타,후디스PU코팅(L)(회)1P(신규바코드),0.0,2026-07,-159.0,-278.0,-457.0,-934.0,-1098.0,-1540.0,-1793.0,-1912.0,-2031.0,-2150.0,-2294.0,-2423.0
기타,후디스PU코팅(M)(회)1P(신규바코드),0.0,2026-07,-200.0,-370.0,-590.0,-710.0,-930.0,-1350.0,-1605.0,-1775.0,-1915.0,-2049.0,-2184.0,-2304.0
기타,후디스PU코팅(S)(회)1P(신규바코드),0.0,2026-07,-180.0,-300.0,-420.0,-540.0,-660.0,-840.0,-960.0,-1080.0,-1200.0,-1275.0,-1395.0,-1500.0
기타,후디스고무장갑(L)투(5P)(A),320.0,2026-09,182.0,52.0,-179.0,-335.0,-562.0,-789.0,-989.0,-1172.0,-1390.0,-1493.0,-1640.0,-1808.0
기타,"후디스고무장갑(L)핑(5P) ""바코드작업""",0.0,2026-07,-54.0,-108.0,-182.0,-236.0,-317.0,-405.0,-473.0,-554.0,-666.0,-707.0,-768.0,-839.0
기타,후디스고무장갑(L)핑(5P)(A),-60.0,2026-07,-273.0,-509.0,-781.0,-1048.0,-1430.0,-1791.0,-2098.0,-2355.0,-2674.0,-2856.0,-3121.0,-3376.0
기타,후디스고무장갑(M)적(5P),0.0,2026-07,-20.0,-40.0,-60.0,-80.0,-150.0,-170.0,-190.0,-210.0,-230.0,-250.0,-270.0,-290.0
기타,후디스고무장갑(M)투(5P)(A),0.0,2026-07,-135.0,-270.0,-482.0,-699.0,-870.0,-1141.0,-1376.0,-1574.0,-1718.0,-1880.0,-2060.0,-2222.0
기타,"후디스고무장갑(M)핑(5P) ""바코드작업""",0.0,2026-07,-78.0,-141.0,-213.0,-258.0,-318.0,-384.0,-456.0,-504.0,-558.0,-600.0,-666.0,-720.0
기타,후디스고무장갑(M)핑(5P)(A),620.0,2026-09,422.0,176.0,-83.0,-356.0,-703.0,-1041.0,-1257.0,-1530.0,-1822.0,-2075.0,-2365.0,-2422.0
기타,후디스고무장갑(S)투(5P)(A),-120.0,2026-07,-247.0,-390.0,-498.0,-631.0,-774.0,-877.0,-1100.0,-1203.0,-1306.0,-1409.0,-1552.0,-1635.0
기타,"후디스고무장갑(S)핑(5P) ""바코드작업""",0.0,2026-07,-50.0,-123.0,-176.0,-216.0,-269.0,-348.0,-378.0,-424.0,-470.0,-520.0,-579.0,-619.0
기타,후디스고무장갑(XL)투(5P)(A),680.0,2027-05,612.0,532.0,468.0,414.0,333.0,272.0,225.0,164.0,123.0,62.0,-6.0,-74.0
기타,"후디스고무장갑(XL)핑(5P)""바코드작업""",0.0,2026-07,-66.0,-125.0,-180.0,-235.0,-279.0,-323.0,-378.0,-422.0,-466.0,-503.0,-580.0,-621.0
기타,후디스고무장갑(XL)핑(5P)(A),160.0,2026-08,45.0,-21.0,-163.0,-259.0,-376.0,-493.0,-567.0,-704.0,-790.0,-905.0,-1009.0,-1115.0
기타,후디스다용도미니3P(노랑),238.0,2026-07,-3254.0,-5193.0,-5403.0,-5752.0,-7759.0,-9000.0,-14440.0,-18003.0,-18633.0,-19060.0,-20608.0,-22408.0
기타,후디스다용도미니3P(백색),-52.0,2026-07,-387.0,-678.0,-1269.0,-1711.0,-2266.0,-2685.0,-3135.0,-3595.0,-4068.0,-4994.0,-5652.0,-6175.0
기타,후디스더블NBR(L)파(오른손1개),0.0,2026-07,-30.0,-60.0,-90.0,-120.0,-150.0,-180.0,-210.0,-240.0,-270.0,-300.0,-330.0,-360.0
기타,후디스더블NBR(L)파(왼손1개),0.0,2026-07,-30.0,-60.0,-90.0,-120.0,-150.0,-180.0,-210.0,-240.0,-270.0,-300.0,-330.0,-360.0
기타,후디스면장갑2P(슈퍼용),700.0,2026-09,500.0,300.0,-50.0,-400.0,-600.0,-950.0,-1300.0,-1500.0,-1850.0,-2200.0,-2400.0,-2750.0
기타,후디스면장갑3호(단추)(납품용),0.0,2026-07,-18880.0,-30208.0,-40592.0,-55696.0,-67024.0,-78352.0,-94715.0,-111164.0,-133191.0,-152071.0,-165688.0,-182397.0
기타,후디스면장갑4호(여성용),3400.0,2027-06,3213.0,2956.0,2699.0,2442.0,2255.0,1998.0,1555.0,1368.0,918.0,428.0,171.0,-86.0
기타,"후디스미니(L)노(10P) ""바코드작업""",0.0,2026-07,-75.0,-150.0,-210.0,-270.0,-330.0,-390.0,-450.0,-510.0,-585.0,-645.0,-690.0,-735.0
기타,"후디스미니(S)노(10P) ""바코드작업""",0.0,2026-07,-60.0,-120.0,-180.0,-240.0,-300.0,-360.0,-420.0,-480.0,-555.0,-615.0,-660.0,-705.0
기타,후디스실장갑2P,0.0,2026-07,-216.0,-466.0,-610.0,-754.0,-994.0,-1162.0,-1531.0,-1820.0,-2036.0,-2397.0,-2613.0,-2837.0
기타,후디스에어폼(L)적,120.0,2026-07,-102.0,-139.0,-207.0,-307.0,-339.0,-452.0,-520.0,-583.0,-648.0,-825.0,-860.0,-879.0
기타,후디스에어폼(L)파,2340.0,2026-08,327.0,-2026.0,-4273.0,-6600.0,-8462.0,-10638.0,-13572.0,-15059.0,-17663.0,-20581.0,-22974.0,-25575.0
기타,후디스에어폼(M)적,1907.0,2027-05,1711.0,1582.0,1521.0,1266.0,1090.0,905.0,770.0,626.0,535.0,360.0,-10.0,-234.0
기타,후디스에어폼(M)파,600.0,2026-07,-226.0,-1480.0,-2779.0,-4127.0,-5147.0,-6185.0,-7789.0,-8297.0,-9299.0,-10908.0,-12672.0,-14062.0
기타,후디스에어폼(S)파,420.0,2026-07,-157.0,-653.0,-1044.0,-1637.0,-2386.0,-2919.0,-3259.0,-3562.0,-4168.0,-4630.0,-5227.0,-5683.0
기타,후디스엠보싱(노랑)여성용(하계),0.0,2026-07,-638.0,-786.0,-996.0,-1011.0,-1249.0,-1577.0,-1694.0,-1789.0,-2007.0,-2197.0,-2445.0,-2470.0
기타,후디스엠보싱(백색)하계,0.0,2026-07,-300.0,-460.0,-760.0,-1060.0,-1360.0,-1660.0,-1960.0,-2260.0,-2560.0,-2860.0,-3160.0,-3460.0
기타,후디스엠보싱(적색)여성용(하계),370.0,2026-09,225.0,80.0,-65.0,-110.0,-175.0,-267.0,-412.0,-557.0,-582.0,-607.0,-805.0,-955.0
기타,후디스엠보싱장갑2P,0.0,2026-07,-2.0,-4.0,-6.0,-8.0,-10.0,-36.0,-38.0,-40.0,-42.0,-45.0,-47.0,-53.0
기타,후디스장갑(M)핑왼손1개,1270.0,2026-09,830.0,510.0,-31.0,-234.0,-654.0,-1260.0,-1943.0,-2714.0,-2994.0,-4115.0,-5151.0,-5496.0
기타,후디스장갑주름(L)핑왼손1개,2400.0,2027-05,2294.0,2006.0,1793.0,1616.0,1317.0,1032.0,797.0,680.0,413.0,136.0,-368.0,-454.0
기타,후디스쿨토시(민트),0.0,2026-07,-2.0,-4.0,-6.0,-8.0,-10.0,-12.0,-14.0,-16.0,-20.0,-22.0,-24.0,-25.0
다정(손사랑예식),손사랑T/C예식(1000입),134990.0,2026-10,101802.0,58058.0,11848.0,-30377.0,-87561.0,-143812.0,-207683.0,-246595.0,-283523.0,-338867.0,-381685.0,-426453.0
다정(오런100),오런#100(L),5108.0,2026-11,4242.0,3011.0,1648.0,404.0,-1003.0,-2227.0,-3627.0,-4765.0,-5608.0,-6903.0,-7754.0,-8588.0
다정(오런100),오런#100(XL),20792.0,2026-12,17494.0,14078.0,9398.0,5310.0,1913.0,-4251.0,-9941.0,-12573.0,-16109.0,-19289.0,-21660.0,-24829.0
다정(오런100),오런#100(XXL),8368.0,2027-01,7503.0,6218.0,5000.0,3263.0,2337.0,272.0,-1193.0,-2492.0,-3604.0,-5070.0,-5933.0,-6762.0
대광기모(킹스톤),대광기모고무장갑,28390.0,2026-11,28112.0,27635.0,25570.0,14603.0,-8945.0,-16380.0,-18194.0,-19396.0,-20068.0,-20568.0,-21091.0,-21621.0
대성산업(신규),대광고무장갑M(300입)적,4070.0,2026-07,-331.0,-6492.0,-15639.0,-22462.0,-30095.0,-37439.0,-45080.0,-49792.0,-58285.0,-66354.0,-74063.0,-83872.0
대성산업(신규),두말표고무장갑,970.0,2026-07,-3671.0,-10702.0,-20832.0,-27749.0,-34589.0,-45198.0,-55153.0,-62263.0,-69137.0,-78099.0,-85516.0,-92900.0
대성산업(신규),두말표고무장갑(오른손),1250.0,2026-09,708.0,125.0,-500.0,-1042.0,-1625.0,-2042.0,-2542.0,-2959.0,-3542.0,-3959.0,-4376.0,-5043.0
대성산업(신규),두말표고무장갑(왼손),1250.0,2026-08,477.0,-296.0,-1649.0,-2345.0,-2906.0,-3679.0,-4452.0,-4839.0,-5516.0,-6289.0,-6869.0,-7739.0
대성산업(신규),코스모스,0.0,2026-07,-250.0,-500.0,-750.0,-1000.0,-1250.0,-1500.0,-1749.0,-1999.0,-2249.0,-2499.0,-2749.0,-2999.0
동래장갑(신규),스카지,0.0,2026-07,-627.0,-965.0,-1704.0,-2824.0,-3625.0,-4176.0,-4900.0,-5577.0,-6153.0,-7536.0,-8012.0,-8426.0
동진장갑,실장갑45g(10P),-90.0,2026-07,-2318.0,-4368.0,-6346.0,-8309.0,-9803.0,-11432.0,-13226.0,-14939.0,-16868.0,-18733.0,-20225.0,-21816.0
동진장갑,오런실장갑35죽포(10P),0.0,2026-07,-7277.0,-15890.0,-24086.0,-31970.0,-38832.0,-44789.0,-50945.0,-56907.0,-62554.0,-67110.0,-75093.0,-80707.0
말레이시아(하트알레가),나비라텍스위생장갑(L),0.0,2026-07,-3000.0,-6000.0,-9000.0,-12000.0,-15000.0,-18000.0,-21000.0,-24000.0,-26975.0,-29975.0,-32975.0,-35975.0
말레이시아(하트알레가),나비라텍스위생장갑(M),0.0,2026-07,-3000.0,-6000.0,-9000.0,-12000.0,-15000.0,-18000.0,-21000.0,-24000.0,-27000.0,-30000.0,-33000.0,-36000.0
말레이시아(하트알레가),나비라텍스위생장갑(S),0.0,2026-07,-3000.0,-6000.0,-9000.0,-12000.0,-15000.0,-18000.0,-21000.0,-24000.0,-27000.0,-30000.0,-33000.0,-36000.0
말레이시아(하트알레가),오런라텍스위생장갑100매(L),7881.0,2026-09,4786.0,1938.0,-2850.0,-7146.0,-11733.0,-16479.0,-19942.0,-22821.0,-26418.0,-32587.0,-35547.0,-39187.0
말레이시아(하트알레가),오런라텍스위생장갑100매(M),12361.0,2026-08,5431.0,-568.0,-10077.0,-18817.0,-27946.0,-37214.0,-44009.0,-50376.0,-59247.0,-71162.0,-80003.0,-89043.0
말레이시아(하트알레가),오런라텍스위생장갑100매(S),5205.0,2026-09,2667.0,554.0,-3277.0,-6673.0,-10421.0,-13678.0,-16524.0,-18887.0,-21877.0,-27073.0,-29419.0,-32314.0
말레이시아(하트알레가),오런톡톡니트릴125매(L)검정,354.0,2026-08,98.0,-158.0,-414.0,-670.0,-926.0,-1182.0,-1438.0,-1694.0,-1950.0,-2206.0,-2394.0,-2718.0
말레이지아APEX GLOVE,오런라텍스위생장갑10매(M)(RRP),20599.0,2027-05,16737.0,15694.0,14377.0,12774.0,8967.0,7117.0,6072.0,5003.0,2865.0,94.0,-944.0,-3735.0
범천상사,대광피특대,0.0,2026-07,-45.0,-85.0,-99.0,-119.0,-128.0,-164.0,-186.0,-206.0,-251.0,-283.0,-297.0,-326.0
범천상사,등천,0.0,2026-07,-322.0,-513.0,-802.0,-1074.0,-1201.0,-1306.0,-1545.0,-1720.0,-1886.0,-2256.0,-2483.0,-2833.0
범천상사,아르곤 갈색 내피,-10.0,2026-07,-41.0,-61.0,-138.0,-374.0,-531.0,-727.0,-873.0,-997.0,-1640.0,-1838.0,-2090.0,-2342.0
범천상사,아르곤 백색 덧내피,0.0,2026-07,-163.0,-391.0,-554.0,-672.0,-835.0,-943.0,-1031.0,-1316.0,-1741.0,-2182.0,-2345.0,-2634.0
범천상사,아르곤 회색 돈피,0.0,2026-07,-10.0,-15.0,-20.0,-25.0,-35.0,-40.0,-45.0,-50.0,-62.0,-67.0,-72.0,-77.0
범천상사,용접소(내피무),0.0,2026-07,-100.0,-200.0,-300.0,-400.0,-470.0,-521.0,-621.0,-721.0,-791.0,-891.0,-991.0,-1091.0
베트남(라텍스위생),나비검정니트릴위생장갑100매(L),0.0,2026-07,-3000.0,-6000.0,-9000.0,-12000.0,-15000.0,-18000.0,-21000.0,-24000.0,-27000.0,-30000.0,-33000.0,-36000.0
베트남(라텍스위생),나비파랑니트릴위생장갑100매(L),0.0,2026-07,-3000.0,-6000.0,-9000.0,-12000.0,-15000.0,-18000.0,-21000.0,-24000.0,-27000.0,-30000.0,-33000.0,-36000.0
베트남(라텍스위생),나비파랑니트릴위생장갑100매(M),0.0,2026-07,-3000.0,-6000.0,-9000.0,-12000.0,-15000.0,-18000.0,-21000.0,-24000.0,-27000.0,-30000.0,-33000.0,-36000.0
베트남(라텍스위생),오런검정니트릴위생장갑100매(L),15970.0,2026-09,11598.0,6222.0,-493.0,-6471.0,-12880.0,-18605.0,-24569.0,-29374.0,-35456.0,-45041.0,-51025.0,-58916.0
베트남(라텍스위생),오런검정니트릴위생장갑100매(M),27176.0,2026-10,19798.0,12373.0,2618.0,-7896.0,-16389.0,-25230.0,-34674.0,-42391.0,-52582.0,-66812.0,-77548.0,-89527.0
베트남(라텍스위생),오런검정니트릴위생장갑100매(S),13438.0,2026-10,10122.0,6776.0,2168.0,-2284.0,-5960.0,-10491.0,-15098.0,-18376.0,-23634.0,-31614.0,-35671.0,-41368.0
베트남(라텍스위생),오런검정니트릴위생장갑100매(XL),1490.0,2027-01,1305.0,1123.0,882.0,614.0,454.0,172.0,-88.0,-597.0,-922.0,-1388.0,-1749.0,-2137.0
베트남(라텍스위생),오런니트릴위생20매(L)화이트,6109.0,2027-01,5406.0,4743.0,4155.0,2409.0,1563.0,268.0,-445.0,-1314.0,-1940.0,-2698.0,-3143.0,-3750.0
베트남(라텍스위생),오런니트릴위생20매(M)화이트,6540.0,2026-11,5178.0,4288.0,3312.0,1678.0,-160.0,-1746.0,-2584.0,-4060.0,-5781.0,-6990.0,-8031.0,-9141.0
베트남(라텍스위생),오런니트릴위생20매(S)화이트,5668.0,2027-03,5160.0,4530.0,4017.0,3529.0,2621.0,1787.0,1044.0,210.0,-290.0,-920.0,-1512.0,-2147.0
베트남(라텍스위생),오런파랑니트릴위생장갑100매(L),1083.0,2026-07,-1293.0,-1944.0,-3056.0,-4240.0,-5172.0,-5927.0,-7317.0,-7985.0,-9162.0,-10809.0,-11821.0,-12872.0
베트남(라텍스위생),오런파랑니트릴위생장갑100매(M),2623.0,2026-09,1451.0,492.0,-879.0,-1949.0,-3190.0,-4279.0,-5676.0,-6723.0,-8331.0,-10586.0,-11788.0,-13339.0
베트남(라텍스위생),오런파랑니트릴위생장갑100매(S),760.0,2026-08,11.0,-649.0,-1368.0,-2155.0,-2731.0,-3228.0,-3800.0,-4340.0,-5314.0,-6743.0,-7531.0,-8361.0
베트남(삼아),나비면(메리야스)완전코팅5P,8000.0,2026-10,6000.0,4000.0,2000.0,0.0,-2000.0,-4000.0,-6000.0,-8000.0,-10000.0,-12000.0,-14000.0,-16000.0
베트남(삼아),대광노랑반코팅(10P)(L)(A),177.0,2026-07,-3975.0,-8202.0,-11990.0,-16258.0,-20072.0,-23895.0,-28588.0,-31626.0,-34307.0,-38805.0,-44532.0,-48361.0
베트남(삼아),대광노랑반코팅(1P)(A),21190.0,2026-10,16844.0,11393.0,4816.0,-4545.0,-11220.0,-15271.0,-20397.0,-24479.0,-29675.0,-35755.0,-41328.0,-45216.0
베트남(삼아),대광면완전코팅(오래)(A),25760.0,2026-10,16119.0,9306.0,506.0,-11347.0,-21885.0,-30354.0,-40772.0,-48619.0,-58515.0,-70010.0,-77833.0,-88283.0
베트남(삼아),대광반코팅(10P)10G,23582.0,2026-08,9225.0,-3096.0,-15171.0,-25777.0,-39265.0,-49508.0,-56492.0,-62859.0,-72388.0,-81977.0,-92683.0,-102526.0
베트남(삼아),대광실완전코팅(힘써)(L)(A),0.0,2026-07,-832.0,-5140.0,-8205.0,-9013.0,-9513.0,-9738.0,-10470.0,-10820.0,-15212.0,-21257.0,-26927.0,-29822.0
베트남(삼아),대광흰반코팅(10P)(L)(A),1170.0,2026-09,526.0,200.0,-1252.0,-1975.0,-2769.0,-3535.0,-4063.0,-4633.0,-5629.0,-6571.0,-7209.0,-7878.0
베트남(삼아),오런오렌지황이중코팅(A),30140.0,2026-09,18653.0,6423.0,-2793.0,-8425.0,-13658.0,-29443.0,-34038.0,-40537.0,-49840.0,-58578.0,-67269.0,-75423.0
베트남(삼아),오런청포도이중코팅(A),39441.0,2026-08,11788.0,-7772.0,-28719.0,-52350.0,-72964.0,-99917.0,-114276.0,-129346.0,-150443.0,-172925.0,-200995.0,-217419.0
베트남(토안글러브)미스짱,대광반코팅(10P)10G(T),26940.0,2026-12,21904.0,16868.0,11832.0,6796.0,1760.0,-3276.0,-8312.0,-13050.0,-18178.0,-22966.0,-25604.0,-33492.0
베트남(토안글러브)미스짱,대광반코팅(10P)13g(T),8850.0,2027-04,7902.0,6954.0,6006.0,5058.0,4110.0,3162.0,2178.0,1449.0,780.0,-999.0,-1947.0,-2526.0
베트남(토안글러브)미스짱,쎄라손노랑반코팅(10P),11060.0,2026-10,7721.0,4932.0,2203.0,-1094.0,-3213.0,-5792.0,-8601.0,-11985.0,-14451.0,-15941.0,-19885.0,-21955.0
베트남(토안글러브)미스짱,쎄라손반코팅(10P),16052.0,2026-08,2721.0,-14491.0,-24617.0,-35028.0,-41918.0,-53332.0,-58641.0,-63864.0,-76711.0,-85657.0,-92392.0,-97146.0
베트남(토안글러브)미스짱,쎄라손흰반코팅(10P),890.0,2026-09,492.0,94.0,-225.0,-499.0,-743.0,-1141.0,-1539.0,-1798.0,-2196.0,-2680.0,-2924.0,-3528.0
보운종합상사,백보루,5.0,2026-07,-141.0,-243.0,-368.0,-480.0,-624.0,-744.0,-849.0,-929.0,-1037.0,-1161.0,-1263.0,-1367.0
보운종합상사,잡보루,14.0,2026-07,-24.0,-91.0,-119.0,-158.0,-210.0,-236.0,-272.0,-291.0,-319.0,-340.0,-351.0,-379.0
부산장애인직업재활시설,후디스고무장갑2+1(소)핑크,99.0,2026-07,-135.0,-270.0,-562.0,-1208.0,-2249.0,-2374.0,-2593.0,-2749.0,-2858.0,-2973.0,-3129.0,-3211.0
삼성글러브(신규),손사랑반코팅(10P),6705.0,2026-08,1472.0,-3027.0,-8513.0,-14242.0,-20783.0,-24987.0,-30777.0,-36696.0,-40234.0,-45342.0,-48805.0,-52004.0
삼성글러브(신규),오런반코팅10P,0.0,2026-07,-540.0,-1249.0,-1885.0,-2827.0,-3649.0,-4253.0,-4511.0,-4898.0,-5985.0,-6988.0,-7882.0,-8655.0
삼성글러브(신규),크린랲반코팅장갑10켤레,0.0,2026-07,-688.0,-2188.0,-3511.0,-4813.0,-5521.0,-6188.0,-7063.0,-7563.0,-7990.0,-8881.0,-9621.0,-10574.0
상경섬유공업사,후디스하프,1680.0,2026-09,707.0,137.0,-1338.0,-2286.0,-3255.0,-4036.0,-4591.0,-5337.0,-7453.0,-9135.0,-11623.0,-12834.0
상록장갑,백나일론(남성용)10P,0.0,2026-07,-75.0,-85.0,-115.0,-125.0,-135.0,-145.0,-155.0,-165.0,-175.0,-185.0,-195.0,-205.0
신영유통,3M 스폰지수세미(135),0.0,2026-07,-120.0,-240.0,-360.0,-480.0,-600.0,-720.0,-840.0,-960.0,-1080.0,-1200.0,-1320.0,-1440.0
신영유통,3M 철수세미,960.0,2026-08,157.0,-378.0,-1359.0,-2028.0,-3277.0,-4213.0,-5640.0,-6621.0,-6889.0,-7959.0,-8628.0,-9297.0
신영유통,봉지철,950.0,2026-08,342.0,-417.0,-1043.0,-2182.0,-3036.0,-4175.0,-5770.0,-6966.0,-7915.0,-9054.0,-9908.0,-11427.0
신영유통,키친센스(손목긴위생),100.0,2026-07,0.0,-100.0,-225.0,-325.0,-425.0,-525.0,-642.0,-742.0,-817.0,-917.0,-1017.0,-1117.0
아운,대광노랑반코팅(10P)(J)(A),24970.0,2027-03,22200.0,18599.0,14866.0,11503.0,8414.0,4695.0,3138.0,1800.0,-1817.0,-6783.0,-8890.0,-11409.0
아운,후디스반코팅(10P)(J),8710.0,2026-11,7387.0,4881.0,3308.0,1064.0,-1219.0,-3951.0,-5270.0,-7690.0,-9493.0,-11487.0,-14121.0,-16941.0
아운,후디스반코팅(10P)(J)영남,4620.0,2026-11,4030.0,3243.0,1865.0,383.0,-138.0,-631.0,-1187.0,-1627.0,-2221.0,-3332.0,-4165.0,-4636.0
오라이트상사,오라이트왕특대(투),0.0,2026-07,-349.0,-496.0,-741.0,-1049.0,-1270.0,-1773.0,-2063.0,-2414.0,-2947.0,-3175.0,-3392.0,-3574.0
오라이트상사,진광말표(핑),0.0,2026-07,-127.0,-238.0,-317.0,-484.0,-728.0,-855.0,-1109.0,-1300.0,-1538.0,-1705.0,-1959.0,-2054.0
운봉종합상사,편안손특대(투),0.0,2026-07,-483.0,-737.0,-1112.0,-1414.0,-1746.0,-2294.0,-2697.0,-3066.0,-3429.0,-4033.0,-5060.0,-5543.0
주식회사 마미손,마미손(대)오른손하나,60.0,2026-07,-87.0,-251.0,-472.0,-685.0,-734.0,-906.0,-980.0,-1078.0,-1127.0,-1373.0,-1602.0,-1651.0
주식회사 마미손,마미손(대)왼손하나,120.0,2026-07,-260.0,-480.0,-700.0,-998.0,-1268.0,-1488.0,-1848.0,-2208.0,-2588.0,-2928.0,-3078.0,-3328.0
주식회사 마미손,마미손(소)오른손하나,360.0,2026-12,300.0,240.0,180.0,120.0,60.0,0.0,-60.0,-120.0,-180.0,-240.0,-300.0,-360.0
주식회사 마미손,마미손(소)왼손하나,120.0,2026-08,60.0,0.0,-60.0,-120.0,-180.0,-240.0,-300.0,-360.0,-420.0,-480.0,-540.0,-600.0
주식회사 마미손,마미손(중)오른손하나,60.0,2026-07,-372.0,-684.0,-864.0,-1056.0,-1272.0,-1524.0,-1593.0,-1845.0,-2277.0,-2817.0,-3441.0,-3849.0
주식회사 마미손,마미손(중)왼손하나,300.0,2026-09,217.0,134.0,-91.0,-184.0,-236.0,-358.0,-533.0,-603.0,-686.0,-769.0,-994.0,-1087.0
주식회사 마미손,마미손골드,3100.0,2026-09,1493.0,131.0,-1912.0,-5793.0,-7717.0,-10475.0,-13334.0,-14764.0,-17018.0,-18516.0,-19912.0,-21652.0
주식회사 마미손,마미손미니(핑),0.0,2026-07,-1024.0,-1396.0,-2513.0,-3692.0,-4499.0,-4964.0,-5181.0,-5507.0,-6033.0,-6452.0,-6778.0,-7848.0
주식회사 마미손,마미손위생50매(국산)-50각(2호),1750.0,2026-08,75.0,-2650.0,-3400.0,-5900.0,-7075.0,-8850.0,-10025.0,-10600.0,-11200.0,-12425.0,-13875.0,-17025.0
주식회사 마미손,마미손위생50매(중국)-50각,2650.0,2026-09,1017.0,505.0,-597.0,-1758.0,-3863.0,-4335.0,-6244.0,-7326.0,-8448.0,-9688.0,-10396.0,-12619.0
주식회사 마미손,마미손칼라고무장갑(그레이)(L),0.0,2026-07,-750.0,-1750.0,-2100.0,-3100.0,-3850.0,-4600.0,-5600.0,-6600.0,-7600.0,-8350.0,-9350.0,-10350.0
주식회사 마미손,마미손칼라고무장갑(그레이)(M),0.0,2026-07,-500.0,-1000.0,-1500.0,-2000.0,-2500.0,-3000.0,-3500.0,-4000.0,-4500.0,-5000.0,-5500.0,-6000.0
주식회사 마미손,마미손칼라고무장갑(그린)(L),0.0,2026-07,-150.0,-300.0,-700.0,-900.0,-1150.0,-1900.0,-2150.0,-2400.0,-2650.0,-2950.0,-3350.0,-3700.0
주식회사 마미손,마미손클래식,150.0,2026-07,-21.0,-192.0,-500.0,-705.0,-979.0,-1321.0,-1547.0,-1718.0,-1889.0,-2063.0,-2200.0,-2440.0
주식회사 마미손,마미손특대(적),600.0,2026-07,-566.0,-2286.0,-4088.0,-8634.0,-10190.0,-12893.0,-15549.0,-16491.0,-19030.0,-20955.0,-23331.0,-25666.0
주식회사 마미손,마미손특대(투),0.0,2026-07,-100.0,-250.0,-350.0,-450.0,-550.0,-650.0,-750.0,-850.0,-950.0,-1050.0,-1173.0,-1273.0
주식회사 마미손,마미손패스,2400.0,2026-09,960.0,164.0,-859.0,-4534.0,-5708.0,-7072.0,-8739.0,-10944.0,-12910.0,-13895.0,-15145.0,-16509.0
주식회사 마미손,마미손플라워,0.0,2026-07,-392.0,-871.0,-1193.0,-1585.0,-1933.0,-2325.0,-2847.0,-3173.0,-3499.0,-3695.0,-4021.0,-4268.0
주식회사 마미손,마미손핑크밴드,600.0,2026-07,-28.0,-1034.0,-1621.0,-2319.0,-2501.0,-3465.0,-4093.0,-4512.0,-5434.0,-6104.0,-6984.0,-7571.0
주식회사 마미손,마미손화이트,800.0,2026-08,385.0,-225.0,-941.0,-1722.0,-2284.0,-2738.0,-3666.0,-4032.0,-4455.0,-5090.0,-6164.0,-6555.0
주식회사 샛별상사,파일럿2-3(무단추),0.0,2026-07,-1000.0,-2000.0,-3000.0,-4000.0,-5000.0,-6000.0,-7000.0,-8000.0,-9000.0,-10000.0,-11000.0,-12000.0
주식회사 샛별상사,파일럿TC(단추),0.0,2026-07,-1167.0,-2334.0,-3667.0,-5167.0,-6334.0,-8334.0,-9834.0,-11167.0,-12334.0,-13834.0,-15001.0,-16334.0
주식회사 성진나이스,나이스황이중코팅,7700.0,2027-01,6420.0,5140.0,4300.0,2867.0,1587.0,1033.0,-744.0,-1279.0,-2225.0,-3065.0,-3437.0,-4640.0
주식회사 성진나이스,나이스황이중코팅(제니스)(XL),0.0,2026-07,-600.0,-1200.0,-1800.0,-2400.0,-3200.0,-3800.0,-4400.0,-5000.0,-5600.0,-6200.0,-6800.0,-7400.0
주식회사 핸드텍,PU제전장갑(M)top(10P),45.0,2027-03,40.0,35.0,30.0,25.0,20.0,15.0,10.0,5.0,0.0,-5.0,-10.0,-15.0
주식회사 핸드텍,오런#200(절단방지내피)(L),-70.0,2026-07,-140.0,-190.0,-230.0,-295.0,-350.0,-420.0,-490.0,-560.0,-620.0,-690.0,-740.0,-785.0
주식회사 핸드텍,오런고탄력PU(M)백 손바닥(10P),0.0,2026-07,-10.0,-18.0,-26.0,-34.0,-45.0,-52.0,-60.0,-67.0,-73.0,-102.0,-111.0,-116.0
주식회사 핸드텍,오런고탄력PU(M)회 손끝(10P),0.0,2026-07,-35.0,-55.0,-75.0,-95.0,-115.0,-135.0,-155.0,-190.0,-210.0,-230.0,-255.0,-275.0
주식회사 핸드텍,오런포리PU(L)백 손끝(10P),0.0,2026-07,-82.0,-163.0,-244.0,-290.0,-436.0,-511.0,-590.0,-632.0,-664.0,-725.0,-790.0,-798.0
주식회사 핸드텍,오런포리PU(S)백 손바닥(10P),0.0,2026-07,-450.0,-900.0,-1350.0,-1800.0,-2250.0,-2700.0,-3150.0,-3600.0,-4050.0,-4500.0,-4950.0,-5400.0
주식회사 핸드텍,후디스PU코팅(L)(검)1P(신규바코드),0.0,2026-07,-97.0,-245.0,-621.0,-1177.0,-1303.0,-1963.0,-2037.0,-2160.0,-2321.0,-2470.0,-2849.0,-3261.0
주식회사 핸드텍,후디스PU코팅(L)회1P,0.0,2026-07,-120.0,-240.0,-360.0,-480.0,-600.0,-720.0,-840.0,-960.0,-1080.0,-1200.0,-1320.0,-1440.0
주식회사 핸드텍,후디스PU코팅(M)(검)1P(신규바코드),0.0,2026-07,-164.0,-284.0,-444.0,-582.0,-755.0,-885.0,-981.0,-1132.0,-1182.0,-1260.0,-1307.0,-1397.0
주식회사 핸드텍,후디스PU코팅(S)(검)1P(신규바코드),0.0,2026-07,-78.0,-174.0,-341.0,-363.0,-517.0,-640.0,-726.0,-798.0,-866.0,-980.0,-1022.0,-1181.0
주식회사허밍켐,어린이장갑30매,0.0,2026-07,-200.0,-400.0,-600.0,-800.0,-1000.0,-1200.0,-1400.0,-1600.0,-1800.0,-2000.0,-2200.0,-2400.0
주식회사허밍켐,후디스위생200매,1213.0,2026-08,444.0,-224.0,-682.0,-1371.0,-2423.0,-3014.0,-3775.0,-4353.0,-5164.0,-6077.0,-6781.0,-7660.0
주식회사허밍켐,후디스위생50매,3189.0,2026-07,-3296.0,-7898.0,-13815.0,-19529.0,-24142.0,-29350.0,-34402.0,-40446.0,-46816.0,-51269.0,-56362.0,-61430.0
중국(서건),오런실장갑32g(10P),1190.0,2026-07,-1272.0,-3230.0,-5290.0,-7577.0,-10242.0,-13091.0,-17402.0,-18812.0,-20789.0,-22503.0,-24715.0,-26678.0
중국(서건),오런실장갑37g-연두(10P),19360.0,2026-08,9482.0,-4433.0,-18879.0,-32700.0,-52002.0,-68299.0,-84271.0,-95137.0,-106592.0,-121431.0,-131672.0,-142115.0
중국(서건),오런실장갑42g(10P)영남(A),0.0,2026-07,-1770.0,-2524.0,-4532.0,-6240.0,-7464.0,-8764.0,-10234.0,-11512.0,-12609.0,-14283.0,-15911.0,-16627.0
중국(서건),오런실장갑42g(10P)영남(Y),3870.0,2026-10,2685.0,1500.0,315.0,-870.0,-2062.0,-2700.0,-3338.0,-4666.0,-6128.0,-7816.0,-8438.0,-9810.0
중국(서건),오런실장갑42g-주황(10P),-20.0,2026-07,-4011.0,-7607.0,-12113.0,-18064.0,-25036.0,-31298.0,-37896.0,-44799.0,-48901.0,-54324.0,-62435.0,-67832.0
중국(서건),오런실장갑47g-빨강(10P),872.0,2026-07,-3118.0,-8786.0,-16740.0,-23852.0,-31116.0,-44379.0,-51261.0,-56755.0,-66361.0,-71334.0,-78185.0,-88191.0
중국(서건),오런실장갑52g-초록(10P),3790.0,2026-10,2843.0,2085.0,484.0,-747.0,-1845.0,-2866.0,-3951.0,-4928.0,-5993.0,-7207.0,-8238.0,-9057.0
중국(서건),오런실장갑60g(10P),1240.0,2026-08,541.0,-75.0,-955.0,-1853.0,-2267.0,-2577.0,-2942.0,-3307.0,-3813.0,-4355.0,-4683.0,-4900.0
중국(서건),후디스실장갑37g(10P)영남(Y),1500.0,2026-08,615.0,-270.0,-1155.0,-2040.0,-2932.0,-3524.0,-4522.0,-5190.0,-6052.0,-6720.0,-8092.0,-8834.0
중국(안현무역),나일론내피(M)회(10P),0.0,2026-07,-10.0,-20.0,-30.0,-40.0,-50.0,-60.0,-70.0,-80.0,-90.0,-100.0,-110.0,-125.0
중국(안현무역),로얄블루수입(L)(10P),55.0,2026-08,7.0,-19.0,-44.0,-70.0,-102.0,-150.0,-185.0,-220.0,-239.0,-287.0,-318.0,-349.0
중국(안현무역),로얄블루수입(M)(10P),0.0,2026-07,-41.0,-81.0,-126.0,-176.0,-230.0,-262.0,-307.0,-347.0,-394.0,-423.0,-464.0,-509.0
중국(안현무역),메란지내피(L)오바록,0.0,2026-07,-27600.0,-53502.0,-79404.0,-97905.0,-111164.0,-132749.0,-155567.0,-167284.0,-190410.0,-221677.0,-238945.0,-270397.0
중국(안현무역),메란지내피(M)오바록,0.0,2026-07,-12643.0,-27159.0,-55255.0,-72581.0,-89751.0,-111759.0,-133767.0,-143132.0,-166545.0,-191831.0,-207440.0,-219303.0
중국(안현무역),메란지내피(S)오바록,0.0,2026-07,-8975.0,-17134.0,-30188.0,-44058.0,-49769.0,-63367.0,-72342.0,-84342.0,-96342.0,-109396.0,-120002.0,-128161.0
중국(안현무역),오런#200(절단방지내피)(M),30.0,2026-07,-77.0,-196.0,-390.0,-527.0,-695.0,-788.0,-979.0,-1368.0,-1448.0,-1594.0,-1771.0,-2010.0
중국(안현무역),오런고탄력PU(L)검 손바닥(10P),0.0,2026-07,-29.0,-49.0,-70.0,-95.0,-120.0,-127.0,-182.0,-213.0,-222.0,-257.0,-303.0,-403.0
중국(안현무역),오런고탄력PU(L)백 손바닥(10P),0.0,2026-07,-49.0,-98.0,-144.0,-190.0,-240.0,-287.0,-337.0,-383.0,-441.0,-487.0,-533.0,-579.0
중국(안현무역),오런고탄력PU(L)회 손바닥(10P),0.0,2026-07,-173.0,-289.0,-410.0,-522.0,-622.0,-735.0,-823.0,-922.0,-1010.0,-1098.0,-1158.0,-1263.0
중국(안현무역),오런고탄력PU(M)검 손바닥(10P),0.0,2026-07,-42.0,-111.0,-153.0,-210.0,-232.0,-314.0,-350.0,-450.0,-512.0,-535.0,-578.0,-637.0
중국(안현무역),오런고탄력PU(M)회 손바닥(10P),0.0,2026-07,-125.0,-181.0,-217.0,-291.0,-419.0,-501.0,-575.0,-625.0,-733.0,-817.0,-909.0,-1043.0
중국(안현무역),오런고탄력PU(S)검 손바닥(10P),0.0,2026-07,-51.0,-86.0,-132.0,-171.0,-215.0,-259.0,-308.0,-355.0,-386.0,-418.0,-444.0,-475.0
중국(안현무역),오런고탄력PU(S)회 손바닥(10P),-30.0,2026-07,-57.0,-79.0,-102.0,-125.0,-161.0,-176.0,-226.0,-238.0,-253.0,-282.0,-307.0,-347.0
중국(안현무역),오런고탄력PU(XL)검 손바닥(10P),0.0,2026-07,-12.0,-25.0,-41.0,-50.0,-62.0,-72.0,-95.0,-115.0,-136.0,-154.0,-166.0,-187.0
중국(안현무역),오런고탄력PU(XL)회 손바닥(10P),0.0,2026-07,-75.0,-105.0,-132.0,-165.0,-205.0,-231.0,-278.0,-310.0,-362.0,-395.0,-420.0,-467.0
중국(안현무역),오런고탄력도트(L)검,3850.0,2026-10,2965.0,1917.0,898.0,-111.0,-1673.0,-2663.0,-4016.0,-4622.0,-5298.0,-6365.0,-7912.0,-9855.0
중국(안현무역),오런고탄력도트(L)백,2150.0,2026-07,-285.0,-818.0,-2145.0,-3044.0,-3461.0,-4809.0,-6180.0,-8572.0,-9407.0,-10958.0,-12176.0,-14205.0
중국(안현무역),오런고탄력도트(L)회,3640.0,2026-08,1462.0,-134.0,-2691.0,-4854.0,-6934.0,-8454.0,-10527.0,-12195.0,-13613.0,-15220.0,-17323.0,-18991.0
중국(안현무역),오런고탄력도트(M)검,5645.0,2026-11,4927.0,3491.0,1564.0,982.0,-127.0,-1025.0,-2677.0,-3351.0,-4404.0,-6845.0,-9011.0,-10700.0
중국(안현무역),오런고탄력도트(M)백,4750.0,2026-09,3039.0,701.0,-854.0,-1686.0,-2619.0,-4317.0,-6499.0,-9019.0,-10796.0,-15193.0,-16363.0,-17619.0
중국(안현무역),오런고탄력도트(M)회,4150.0,2026-09,2469.0,765.0,-2428.0,-4765.0,-7205.0,-9476.0,-11631.0,-14005.0,-15804.0,-18436.0,-20869.0,-22487.0
중국(안현무역),오런고탄력도트(S)검,3530.0,2027-04,3394.0,2700.0,2422.0,2305.0,1837.0,1233.0,956.0,672.0,409.0,-294.0,-1068.0,-1472.0
중국(안현무역),오런고탄력도트(S)백,2440.0,2026-08,1101.0,-109.0,-1431.0,-2257.0,-3348.0,-4902.0,-6300.0,-7181.0,-7862.0,-9799.0,-10748.0,-12279.0
중국(안현무역),오런고탄력도트(S)회,2950.0,2026-09,2171.0,1734.0,-237.0,-1470.0,-2721.0,-3834.0,-4553.0,-5766.0,-6609.0,-7537.0,-8583.0,-9449.0
중국(안현무역),오런고탄력블루(L)long(U),1800.0,2026-10,1318.0,720.0,266.0,-33.0,-268.0,-313.0,-526.0,-736.0,-911.0,-1380.0,-2068.0,-2679.0
중국(안현무역),오런고탄력블루(M)long(U),1440.0,2026-08,354.0,-319.0,-772.0,-1566.0,-1751.0,-1916.0,-2333.0,-2652.0,-3149.0,-4512.0,-6225.0,-7648.0
중국(안현무역),오런고탄력블루(S)long(U),1440.0,2026-09,683.0,44.0,-664.0,-1257.0,-1747.0,-2014.0,-3426.0,-4049.0,-4802.0,-6179.0,-7572.0,-9478.0
중국(안현무역),오런고탄력블루1P(L)(U),5280.0,2026-09,2535.0,959.0,-1857.0,-4989.0,-7006.0,-8335.0,-9757.0,-11070.0,-12102.0,-14242.0,-17924.0,-20946.0
중국(안현무역),오런멀티1P(L)검,30570.0,2026-09,19553.0,8800.0,-2422.0,-14397.0,-29045.0,-44563.0,-51116.0,-57575.0,-69978.0,-79686.0,-94508.0,-105738.0
중국(안현무역),오런멀티1P(L)회,14045.0,2026-09,9265.0,4324.0,-448.0,-6066.0,-12280.0,-17416.0,-21317.0,-25455.0,-30496.0,-36326.0,-41868.0,-47471.0
중국(안현무역),오런멀티1P(M)검,24840.0,2026-10,17754.0,11669.0,4579.0,-4563.0,-12739.0,-22309.0,-29292.0,-35710.0,-42556.0,-50233.0,-59302.0,-67691.0
중국(안현무역),오런멀티1P(M)회,11275.0,2026-11,8637.0,6421.0,3822.0,739.0,-2564.0,-4072.0,-6776.0,-8678.0,-11190.0,-13696.0,-17422.0,-19658.0
중국(안현무역),오런멀티1P(S)검,16077.0,2026-10,12068.0,8292.0,3927.0,-1073.0,-6680.0,-11839.0,-15525.0,-18958.0,-22891.0,-27039.0,-31442.0,-36225.0
중국(안현무역),오런멀티1P(S)회,10881.0,2027-02,9042.0,7851.0,6648.0,4786.0,2926.0,1654.0,266.0,-424.0,-1552.0,-2453.0,-4471.0,-5661.0
중국(안현무역),오런멀티5P(L)검,3261.0,2026-12,2587.0,2073.0,1570.0,898.0,90.0,-553.0,-1102.0,-1541.0,-1992.0,-2811.0,-3343.0,-3918.0
중국(안현무역),오런멀티5P(M)검,2752.0,2026-09,1762.0,829.0,-91.0,-1289.0,-2390.0,-3259.0,-3992.0,-4821.0,-5428.0,-6833.0,-7699.0,-8496.0
중국(안현무역),오런멀티5P(M)회,2474.0,2026-11,1518.0,1210.0,584.0,194.0,-100.0,-524.0,-859.0,-1128.0,-1467.0,-1760.0,-2121.0,-2431.0
중국(안현무역),오런멀티5P(S)검,1796.0,2026-09,1016.0,171.0,-583.0,-1264.0,-1865.0,-2588.0,-3337.0,-3824.0,-4314.0,-5053.0,-5673.0,-6371.0
중국(안현무역),오런멀티5P(S)회,822.0,2026-09,547.0,243.0,-72.0,-392.0,-679.0,-874.0,-1264.0,-1437.0,-1668.0,-1874.0,-2335.0,-2574.0
중국(안현무역),오런탑도트(L)회,7781.0,2026-11,5769.0,3896.0,2049.0,484.0,-1363.0,-2933.0,-4079.0,-5465.0,-7016.0,-9300.0,-11083.0,-12353.0
중국(안현무역),오런탑도트(M)회,19190.0,2027-01,14400.0,12617.0,10111.0,8386.0,4041.0,1055.0,-819.0,-2641.0,-4578.0,-8946.0,-11131.0,-16304.0
중국(안현무역),오런탑도트(S)회,10930.0,2026-11,8036.0,6041.0,3264.0,628.0,-1867.0,-5166.0,-7922.0,-10094.0,-12933.0,-15792.0,-18830.0,-21572.0
중국(안현무역),오런포리PU(L)검1P(U),2520.0,2026-09,1408.0,551.0,-472.0,-1599.0,-3106.0,-4131.0,-5236.0,-5667.0,-6325.0,-7308.0,-8579.0,-9371.0
중국(안현무역),오런포리PU(L)백 손바닥(10P)(A),0.0,2026-07,-102.0,-237.0,-352.0,-472.0,-552.0,-1547.0,-1681.0,-1784.0,-1918.0,-1966.0,-2076.0,-2236.0
중국(안현무역),오런포리PU(L)회 손끝(10P),-52.0,2026-07,-312.0,-609.0,-882.0,-1279.0,-1531.0,-1799.0,-1966.0,-2124.0,-2269.0,-2477.0,-2675.0,-2881.0
중국(안현무역),오런포리PU(L)회 손바닥(10P)(A),-50.0,2026-07,-1122.0,-2081.0,-3082.0,-4072.0,-4796.0,-5501.0,-6303.0,-6840.0,-7395.0,-8126.0,-9046.0,-9501.0
중국(안현무역),오런포리PU(L)회1P(U),1440.0,2026-08,521.0,-215.0,-1699.0,-2699.0,-3487.0,-4360.0,-5057.0,-5574.0,-5988.0,-6866.0,-8038.0,-8807.0
중국(안현무역),오런포리PU(M)검1P(U),3120.0,2026-09,2057.0,1195.0,-164.0,-1275.0,-3021.0,-4118.0,-5394.0,-5882.0,-6835.0,-7751.0,-9227.0,-10398.0
중국(안현무역),오런포리PU(M)백 손끝(10P),1.0,2026-07,-177.0,-311.0,-490.0,-825.0,-915.0,-1111.0,-1384.0,-1521.0,-1626.0,-1801.0,-2043.0,-2214.0
중국(안현무역),오런포리PU(M)백 손바닥(10P)(A),0.0,2026-07,-47.0,-104.0,-131.0,-200.0,-230.0,-264.0,-298.0,-331.0,-385.0,-387.0,-424.0,-463.0
중국(안현무역),오런포리PU(M)회 손끝(10P),-50.0,2026-07,-731.0,-1446.0,-2196.0,-2950.0,-3567.0,-4235.0,-4780.0,-5096.0,-5563.0,-6312.0,-6957.0,-7367.0
중국(안현무역),오런포리PU(M)회 손바닥(10P)(A),-50.0,2026-07,-918.0,-1836.0,-2609.0,-3808.0,-4473.0,-5276.0,-6165.0,-6681.0,-7263.0,-7887.0,-8771.0,-9354.0
중국(안현무역),오런포리PU(M)회1P(U),3120.0,2026-09,2017.0,1035.0,-4.0,-962.0,-1822.0,-2696.0,-3125.0,-3698.0,-4324.0,-5007.0,-6194.0,-6895.0
중국(안현무역),오런포리PU(S)검1P(U),2760.0,2026-12,2496.0,1868.0,1553.0,1060.0,460.0,-24.0,-327.0,-536.0,-851.0,-1280.0,-2013.0,-2299.0
중국(안현무역),오런포리PU(S)백 손끝(10P),1.0,2026-07,-149.0,-337.0,-649.0,-932.0,-1207.0,-1435.0,-1874.0,-2107.0,-2340.0,-2483.0,-3027.0,-3481.0
중국(안현무역),오런포리PU(S)백 손바닥(10P)(A),0.0,2026-07,-56.0,-104.0,-134.0,-212.0,-255.0,-313.0,-374.0,-403.0,-448.0,-480.0,-539.0,-584.0
중국(안현무역),오런포리PU(S)회 손끝(10P),-10.0,2026-07,-279.0,-556.0,-958.0,-1317.0,-1648.0,-1922.0,-2262.0,-2455.0,-2610.0,-2872.0,-3157.0,-3379.0
중국(안현무역),오런포리PU(S)회1P(U),1920.0,2026-10,1402.0,1136.0,297.0,-314.0,-825.0,-1105.0,-1423.0,-1793.0,-2055.0,-2413.0,-2857.0,-3148.0
중국(안현무역),오런포리PU(XL)검 손바닥(10P)(A),0.0,2026-07,-66.0,-167.0,-282.0,-426.0,-552.0,-758.0,-804.0,-854.0,-904.0,-973.0,-1089.0,-1226.0
중국(안현무역),오런포리PU(XL)회 손바닥(10P)(A),0.0,2026-07,-22.0,-71.0,-87.0,-104.0,-158.0,-237.0,-287.0,-302.0,-389.0,-413.0,-435.0,-481.0
중국(안현무역),오런포리도트(L)회,1340.0,2026-08,667.0,-35.0,-905.0,-1372.0,-1923.0,-2607.0,-3138.0,-3732.0,-4503.0,-4921.0,-5481.0,-5983.0
중국(안현무역),오런포리도트(M)회,14030.0,2026-09,10292.0,5143.0,-323.0,-3886.0,-8877.0,-13485.0,-19326.0,-23304.0,-29162.0,-32503.0,-36852.0,-41130.0
중국(안현무역),오런포리도트(S)회,13120.0,2026-12,10329.0,7802.0,4794.0,2676.0,412.0,-2668.0,-5370.0,-7471.0,-10760.0,-12613.0,-14276.0,-16540.0
중국(안현무역),절단방지코팅장갑(CUT3)(L)백색,0.0,2026-07,-345.0,-835.0,-1180.0,-1550.0,-1820.0,-2165.0,-2845.0,-3595.0,-4040.0,-4385.0,-4875.0,-5220.0
중국(안현무역),포리내피(L)검(10P),475.0,2026-12,324.0,276.0,230.0,168.0,116.0,-18.0,-109.0,-180.0,-280.0,-374.0,-427.0,-509.0
중국(안현무역),포리내피(L)백(10P),624.0,2026-09,597.0,504.0,-2253.0,-2779.0,-2853.0,-3362.0,-3462.0,-3508.0,-4419.0,-4484.0,-5901.0,-7065.0
중국(안현무역),포리내피(L)회(10P),1356.0,2026-10,1043.0,516.0,239.0,-156.0,-496.0,-921.0,-1166.0,-1368.0,-1704.0,-1922.0,-2238.0,-2434.0
중국(안현무역),포리내피(M)검(10P),685.0,2026-12,604.0,503.0,394.0,252.0,1.0,-305.0,-438.0,-603.0,-722.0,-972.0,-1119.0,-1252.0
중국(안현무역),포리내피(M)백(10P),395.0,2026-09,284.0,92.0,-1031.0,-1175.0,-1444.0,-1528.0,-1734.0,-1877.0,-2562.0,-2760.0,-3851.0,-4374.0
중국(안현무역),포리내피(M)회(10P),2635.0,2026-12,2105.0,1846.0,1462.0,892.0,258.0,-424.0,-808.0,-1154.0,-1571.0,-2060.0,-2370.0,-2743.0
중국(안현무역),포리내피(S)검(10P),295.0,2026-12,247.0,206.0,159.0,135.0,72.0,-5.0,-75.0,-122.0,-152.0,-195.0,-315.0,-354.0
중국(안현무역),포리내피(S)백(10P),104.0,2026-09,51.0,20.0,-30.0,-120.0,-241.0,-284.0,-341.0,-441.0,-460.0,-502.0,-570.0,-600.0
중국(안현무역),포리내피(S)회(10P),1274.0,2026-12,985.0,857.0,653.0,382.0,52.0,-140.0,-410.0,-646.0,-824.0,-1112.0,-1317.0,-1543.0
중국(안현무역),후디스에어폼내피(L)파,14000.0,2026-08,3000.0,-7465.0,-21465.0,-35465.0,-49465.0,-63465.0,-72965.0,-86965.0,-98965.0,-106665.0,-119665.0,-133665.0
중국(안현무역),후디스에어폼내피(S)파,0.0,2026-07,-4000.0,-9837.0,-13837.0,-17837.0,-21837.0,-24837.0,-28837.0,-32837.0,-36837.0,-40837.0,-44837.0,-48837.0
중국(한단),대광공업용흑10호,3477.0,2026-11,2629.0,1822.0,1403.0,630.0,-509.0,-1341.0,-2234.0,-2597.0,-3402.0,-4461.0,-5361.0,-6712.0
중국pu공장(u스마일),NBR장갑(10켤레)(L)(U),0.0,2026-07,-83.0,-166.0,-249.0,-332.0,-415.0,-498.0,-581.0,-664.0,-731.0,-823.0,-915.0,-998.0
중국pu공장(u스마일),오런고탄력PU(L)검 손바닥(10P)(U),46.0,2026-08,19.0,-8.0,-35.0,-62.0,-89.0,-107.0,-145.0,-172.0,-194.0,-210.0,-240.0,-268.0
중국pu공장(u스마일),오런고탄력PU(L)회 손바닥(10P)(U),90.0,2026-08,26.0,-38.0,-102.0,-166.0,-223.0,-278.0,-313.0,-364.0,-400.0,-491.0,-548.0,-665.0
중국pu공장(u스마일),오런고탄력PU(L)회 손바닥(10P)(U)(A),250.0,2027-03,220.0,190.0,160.0,130.0,100.0,70.0,50.0,20.0,-10.0,-40.0,-70.0,-110.0
중국pu공장(u스마일),오런고탄력PU(M)검 손바닥(10P)(U),0.0,2026-07,-63.0,-126.0,-189.0,-252.0,-315.0,-354.0,-417.0,-480.0,-514.0,-577.0,-684.0,-733.0
중국pu공장(u스마일),오런고탄력PU(M)회 손바닥(10P)(U),335.0,2026-11,253.0,171.0,89.0,7.0,-75.0,-128.0,-210.0,-292.0,-374.0,-437.0,-503.0,-619.0
중국pu공장(u스마일),오런고탄력PU(M)회 손바닥(10P)(U)(A),50.0,2026-08,20.0,-10.0,-40.0,-70.0,-100.0,-130.0,-150.0,-180.0,-210.0,-250.0,-280.0,-310.0
중국pu공장(u스마일),오런고탄력PU(S)검 손바닥(10P)(U),85.0,2026-08,31.0,-23.0,-77.0,-131.0,-185.0,-239.0,-293.0,-347.0,-378.0,-432.0,-517.0,-564.0
중국pu공장(u스마일),오런고탄력PU(S)회 손바닥(10P)(U),170.0,2026-11,130.0,90.0,50.0,10.0,-30.0,-70.0,-110.0,-150.0,-190.0,-230.0,-270.0,-310.0
중국pu공장(u스마일),오런고탄력PU(S)회 손바닥(10P)(U)(A),50.0,2026-11,40.0,30.0,20.0,10.0,0.0,-10.0,-20.0,-30.0,-40.0,-50.0,-60.0,-70.0
중국pu공장(u스마일),오런고탄력PU(XL)검 손바닥(10P)(U),0.0,2026-07,-24.0,-48.0,-72.0,-96.0,-120.0,-144.0,-168.0,-192.0,-216.0,-240.0,-264.0,-288.0
중국pu공장(u스마일),오런고탄력PU(XL)회 손바닥(10P)(U),0.0,2026-07,-56.0,-112.0,-168.0,-224.0,-280.0,-336.0,-392.0,-448.0,-504.0,-564.0,-624.0,-670.0
중국pu공장(u스마일),오런고탄력블루1P(M)(U),10370.0,2026-09,6619.0,3486.0,-1397.0,-6016.0,-9296.0,-12499.0,-15521.0,-17712.0,-20814.0,-23550.0,-32856.0,-38503.0
중국pu공장(u스마일),오런고탄력블루1P(S)(U),9240.0,2026-09,5053.0,1607.0,-2782.0,-8020.0,-11175.0,-14554.0,-17102.0,-19171.0,-22030.0,-24994.0,-33403.0,-38810.0
중국pu공장(u스마일),오런실장갑35죽포(10P)(U),34110.0,2027-01,28732.0,23354.0,17976.0,12598.0,7220.0,1842.0,-2592.0,-8142.0,-13636.0,-19595.0,-24505.0,-30424.0
중국pu공장(u스마일),오런에어폼(S)회_걸이,5760.0,2027-06,5237.0,4714.0,4191.0,3668.0,3145.0,2622.0,2099.0,1576.0,1053.0,511.0,44.0,-518.0
중국pu공장(u스마일),오런포리PU(L)검 손바닥(10P)(U),2546.0,2026-09,1650.0,434.0,-621.0,-1605.0,-2923.0,-3763.0,-4313.0,-4962.0,-6101.0,-7120.0,-8126.0,-9263.0
중국pu공장(u스마일),오런포리PU(L)백 손끝(10P)(U),285.0,2027-02,246.0,207.0,168.0,129.0,90.0,51.0,12.0,-17.0,-50.0,-123.0,-155.0,-182.0
중국pu공장(u스마일),오런포리PU(L)회 손끝(10P)(U),1093.0,2026-12,845.0,599.0,588.0,568.0,266.0,-64.0,-78.0,-108.0,-617.0,-833.0,-1098.0,-1776.0
중국pu공장(u스마일),오런포리PU(L)회 손바닥(10P)(U),3307.0,2026-11,2473.0,1639.0,805.0,383.0,-109.0,-591.0,-1083.0,-1661.0,-2708.0,-3645.0,-4798.0,-5187.0
중국pu공장(u스마일),오런포리PU(M)검 손바닥(10P)(U),3847.0,2026-11,2974.0,2227.0,1224.0,225.0,-1173.0,-2137.0,-2752.0,-3530.0,-4530.0,-5795.0,-6581.0,-7858.0
중국pu공장(u스마일),오런포리PU(M)백 손끝(10P)(U),1085.0,2027-02,909.0,733.0,557.0,444.0,318.0,193.0,71.0,-172.0,-299.0,-495.0,-672.0,-866.0
중국pu공장(u스마일),오런포리PU(M)백 손바닥(10P)(U),150.0,2026-12,120.0,90.0,60.0,37.0,15.0,-1.0,-17.0,-47.0,-51.0,-107.0,-109.0,-131.0
중국pu공장(u스마일),오런포리PU(M)회 손끝(10P)(U),893.0,2026-08,340.0,-213.0,-766.0,-1319.0,-1811.0,-2112.0,-2665.0,-2998.0,-3497.0,-4066.0,-4657.0,-5427.0
중국pu공장(u스마일),오런포리PU(M)회 손바닥(10P)(U),1096.0,2026-09,1051.0,535.0,-492.0,-1519.0,-2546.0,-3250.0,-3952.0,-4920.0,-6130.0,-6644.0,-7164.0,-7671.0
중국pu공장(u스마일),오런포리PU(S)검 손바닥(10P)(U),600.0,2026-09,244.0,5.0,-360.0,-596.0,-989.0,-1294.0,-1438.0,-1635.0,-1896.0,-2390.0,-2606.0,-2935.0
중국pu공장(u스마일),오런포리PU(S)백 손끝(10P)(U),1140.0,2027-02,976.0,812.0,648.0,484.0,320.0,214.0,86.0,-48.0,-196.0,-490.0,-600.0,-770.0
중국pu공장(u스마일),오런포리PU(S)회 손끝(10P)(U),1396.0,2027-03,1357.0,1337.0,916.0,902.0,807.0,741.0,719.0,500.0,-49.0,-950.0,-1489.0,-2156.0
중국pu공장(u스마일),오런포리PU(S)회 손바닥(10P)(U),1706.0,2026-10,1269.0,803.0,102.0,-393.0,-930.0,-1388.0,-1817.0,-2250.0,-2841.0,-3505.0,-4093.0,-4559.0
중국pu공장(u스마일),오런포리PU(XL)검 손바닥(10P)(U),350.0,2026-10,262.0,174.0,86.0,-2.0,-90.0,-178.0,-266.0,-360.0,-448.0,-517.0,-586.0,-705.0
중국왕붕실장갑(신규),대광실장갑35g(10P),300.0,2026-07,-345.0,-990.0,-1635.0,-2280.0,-2925.0,-3570.0,-4215.0,-4860.0,-5505.0,-6150.0,-6622.0,-7440.0
중국왕붕실장갑(신규),대광실장갑40g(10P),2190.0,2026-12,1800.0,1410.0,1020.0,630.0,240.0,-150.0,-540.0,-930.0,-1320.0,-1710.0,-2130.0,-2490.0
중국왕붕실장갑(신규),실장갑45g(10P)(A),3600.0,2026-12,2922.0,2116.0,1603.0,1129.0,524.0,-394.0,-759.0,-1387.0,-2423.0,-2913.0,-3347.0,-3834.0
중국왕붕실장갑(신규),오런실장갑10P(A),670.0,2026-07,-580.0,-1281.0,-2188.0,-3318.0,-4201.0,-5001.0,-5723.0,-6453.0,-7443.0,-8041.0,-9064.0,-9373.0
중국왕붕실장갑(신규),오런실장갑1P(New),-300.0,2026-07,-1552.0,-1969.0,-2525.0,-4365.0,-6173.0,-7286.0,-8399.0,-9155.0,-10036.0,-11288.0,-12957.0,-14580.0
중국왕붕실장갑(신규),오런실장갑3P,500.0,2026-07,-219.0,-870.0,-1632.0,-2470.0,-3668.0,-4135.0,-4822.0,-5557.0,-6332.0,-6908.0,-7595.0,-8017.0
중국왕붕실장갑(신규),줄기사10g(10P),150.0,2026-08,99.0,-25.0,-336.0,-404.0,-496.0,-555.0,-614.0,-642.0,-679.0,-764.0,-787.0,-846.0
중국왕붕실장갑(신규),크린랲면장갑10켤레(1호),3750.0,2027-02,3417.0,3026.0,2548.0,2085.0,1622.0,1274.0,231.0,-573.0,-2094.0,-3941.0,-5505.0,-5708.0
중국왕붕실장갑(신규),크린랲면장갑10켤레(2호),1080.0,2026-08,506.0,-581.0,-899.0,-1965.0,-2119.0,-2601.0,-3816.0,-4570.0,-5067.0,-5298.0,-6262.0,-7082.0
중국왕붕실장갑(신규),크린랲면장갑3켤레,7900.0,2027-02,7531.0,6096.0,5174.0,4518.0,3063.0,2356.0,142.0,-1190.0,-2666.0,-3260.0,-4449.0,-6017.0
중국왕붕실장갑(신규),크린랲엠보싱장갑2켤레,5800.0,2027-02,5516.0,3813.0,3245.0,1636.0,1447.0,501.0,217.0,-1486.0,-3095.0,-3284.0,-5051.0,-6754.0
중국왕붕실장갑(신규),크린랲투라인장갑3켤레,4200.0,2026-11,3419.0,2430.0,1337.0,947.0,-979.0,-2020.0,-3946.0,-5273.0,-6678.0,-9332.0,-11206.0,-12236.0
중국왕붕실장갑(신규),표백도트장갑(10P),1470.0,2027-01,1324.0,910.0,691.0,630.0,492.0,191.0,-317.0,-500.0,-626.0,-998.0,-1502.0,-1849.0
중국왕붕실장갑(신규),표백실장갑(10P),505.0,2026-07,-32.0,-189.0,-722.0,-914.0,-1013.0,-1596.0,-1730.0,-1831.0,-1930.0,-2131.0,-2342.0,-2704.0
중국왕붕실장갑(신규),후디스실장갑32g(10P),0.0,2026-07,-1835.0,-3399.0,-5137.0,-6658.0,-8154.0,-9929.0,-11212.0,-14589.0,-15627.0,-17694.0,-19002.0,-20106.0
중국왕붕실장갑(신규),후디스실장갑37g-연두(10P),1820.0,2026-07,-12214.0,-27092.0,-42605.0,-55654.0,-67684.0,-79401.0,-91281.0,-100362.0,-113319.0,-122921.0,-130555.0,-140528.0
중국왕붕실장갑(신규),후디스실장갑42g-주황(10P),-10.0,2026-07,-4678.0,-11211.0,-17858.0,-22550.0,-28618.0,-33048.0,-38226.0,-42612.0,-46614.0,-51350.0,-53745.0,-57354.0
중국왕붕실장갑(신규),후디스실장갑47g-빨강(10P),1200.0,2026-07,-2930.0,-6532.0,-9580.0,-15076.0,-18021.0,-21745.0,-27122.0,-29773.0,-34010.0,-35802.0,-39615.0,-42013.0
중국왕붕실장갑(신규),후디스실장갑52g-녹색(10P),440.0,2026-07,-743.0,-2313.0,-3819.0,-5254.0,-6011.0,-6925.0,-8200.0,-9581.0,-10611.0,-11822.0,-12595.0,-13550.0
중국왕붕실장갑(신규),후디스실장갑60g(10P),2560.0,2026-08,649.0,-585.0,-1503.0,-2205.0,-2996.0,-3509.0,-4266.0,-7867.0,-9618.0,-10750.0,-11268.0,-12620.0
중국왕붕실장갑(신규),후디스줄기사10g,3100.0,2026-07,-12839.0,-30426.0,-48929.0,-71414.0,-92023.0,-115008.0,-138474.0,-152154.0,-170024.0,-194256.0,-211029.0,-227454.0
중국왕붕실장갑(신규),후디스표백도트장갑1P,4200.0,2026-07,-1927.0,-9823.0,-17770.0,-27970.0,-42965.0,-55359.0,-66463.0,-71498.0,-80177.0,-88466.0,-99941.0,-110688.0
찔레꽃장갑,찔레꽃 망사 밤색,0.0,2026-07,-53.0,-95.0,-166.0,-301.0,-382.0,-439.0,-526.0,-558.0,-600.0,-687.0,-764.0,-817.0
찔레꽃장갑,찔레꽃 망사 흑색,0.0,2026-07,-32.0,-56.0,-159.0,-283.0,-359.0,-440.0,-484.0,-572.0,-612.0,-721.0,-968.0,-1008.0
찔레꽃장갑,찔레꽃면장갑,0.0,2026-07,-406.0,-876.0,-1197.0,-1522.0,-1785.0,-2072.0,-2464.0,-2658.0,-2979.0,-3233.0,-3492.0,-3748.0
찔레꽃장갑,찔레꽃면장갑(검정),0.0,2026-07,-100.0,-225.0,-325.0,-425.0,-525.0,-625.0,-708.0,-808.0,-908.0,-1058.0,-1233.0,-1333.0
천일장갑,금강산,300.0,2026-07,-7728.0,-13089.0,-22365.0,-27840.0,-35698.0,-41683.0,-49200.0,-55923.0,-62135.0,-72007.0,-78872.0,-83836.0
천일장갑,천일 메니큐어(L),0.0,2026-07,-175.0,-400.0,-575.0,-850.0,-950.0,-1050.0,-1700.0,-1875.0,-2125.0,-2350.0,-2600.0,-2750.0
천일장갑,천일 메니큐어(M),0.0,2026-07,-200.0,-350.0,-450.0,-600.0,-900.0,-1300.0,-1500.0,-1700.0,-1900.0,-2100.0,-2375.0,-2575.0
천일장갑,천일도트,500.0,2026-09,296.0,28.0,-230.0,-804.0,-1072.0,-1263.0,-1467.0,-1786.0,-1990.0,-2169.0,-2402.0,-2581.0
천일장갑,천일표,5700.0,2026-07,-1087.0,-7131.0,-18026.0,-27571.0,-33674.0,-42065.0,-48481.0,-55816.0,-62697.0,-72907.0,-78307.0,-84723.0
코리아종합상사,EVA우의(백색),0.0,2026-07,-100.0,-200.0,-300.0,-400.0,-500.0,-600.0,-700.0,-800.0,-900.0,-1000.0,-1100.0,-1200.0
코리아종합상사,우의 백색,3000.0,2026-09,2229.0,1073.0,-199.0,-1124.0,-1586.0,-2711.0,-3260.0,-3645.0,-4107.0,-6072.0,-6737.0,-9858.0
쿡랩,후디스고무장갑(M)적,5385.0,2026-09,3144.0,320.0,-762.0,-3605.0,-8115.0,-10261.0,-12784.0,-14811.0,-16533.0,-18948.0,-21989.0,-24922.0
쿡랩,후디스고무장갑(M)투,3386.0,2026-08,436.0,-2409.0,-4860.0,-10193.0,-15135.0,-19685.0,-23222.0,-26056.0,-30252.0,-35118.0,-39699.0,-47164.0
쿡랩,후디스고무장갑(M)핑,10755.0,2026-10,7663.0,4157.0,802.0,-3776.0,-11686.0,-17568.0,-22555.0,-27323.0,-30776.0,-35594.0,-40837.0,-45117.0
쿡랩,후디스고무장갑(S)핑,-153.0,2026-07,-1062.0,-1788.0,-2315.0,-3733.0,-4834.0,-5966.0,-6580.0,-7448.0,-7896.0,-9009.0,-9611.0,-10095.0
쿡랩,후디스고무장갑2+1(대),1320.0,2026-10,1209.0,1061.0,728.0,-1175.0,-2597.0,-3145.0,-3419.0,-3656.0,-3752.0,-3937.0,-4092.0,-4255.0
쿡랩,후디스고무장갑2+1(소)투명,0.0,2026-07,-78.0,-261.0,-339.0,-434.0,-504.0,-556.0,-634.0,-768.0,-820.0,-924.0,-1054.0,-1184.0
쿡랩,후디스고무장갑2+1(중),2211.0,2026-10,1684.0,1362.0,514.0,-3333.0,-6609.0,-7838.0,-8569.0,-9359.0,-9549.0,-10178.0,-10573.0,-10880.0
쿡랩,후디스고무장갑주름(L)적,2874.0,2026-07,-655.0,-2961.0,-4594.0,-6839.0,-12095.0,-20895.0,-22973.0,-26219.0,-29165.0,-32122.0,-35403.0,-39784.0
쿡랩,후디스고무장갑주름(L)투,-10280.0,2026-07,-17378.0,-33535.0,-39743.0,-54531.0,-67063.0,-78983.0,-91669.0,-101738.0,-117800.0,-130486.0,-139653.0,-155598.0
쿡랩,후디스고무장갑주름(L)핑,5492.0,2026-07,-1208.0,-8317.0,-14337.0,-23563.0,-44494.0,-55227.0,-62984.0,-69828.0,-75729.0,-86013.0,-95015.0,-103212.0
쿡랩,후디스고무장갑특대(적),2994.0,2026-07,-541.0,-1454.0,-3543.0,-5746.0,-9752.0,-15450.0,-16556.0,-17754.0,-18590.0,-20229.0,-21700.0,-25791.0
쿡랩,후디스고무장갑특대(투),-10110.0,2026-07,-14040.0,-23484.0,-26112.0,-32770.0,-38715.0,-42706.0,-47270.0,-52830.0,-57070.0,-61931.0,-64576.0,-69374.0
쿡랩,후디스고무장갑특대(핑),-130.0,2026-07,-3357.0,-8553.0,-14244.0,-28671.0,-39797.0,-50391.0,-55980.0,-60745.0,-66752.0,-75013.0,-78326.0,-86989.0
쿡랩,후디스장갑(M)핑오른손1개,1360.0,2026-08,484.0,-197.0,-800.0,-1596.0,-2311.0,-2974.0,-4389.0,-5303.0,-6575.0,-8008.0,-9021.0,-9668.0
쿡랩,후디스장갑주름(L)핑오른손1개,320.0,2026-07,-420.0,-927.0,-1527.0,-2005.0,-2929.0,-3324.0,-4102.0,-4666.0,-5286.0,-5981.0,-6719.0,-7580.0
크린통상,크린랲 위생 50매,0.0,2026-07,-266.0,-608.0,-912.0,-1102.0,-1387.0,-1615.0,-1767.0,-1900.0,-2071.0,-2242.0,-2356.0,-2556.0
크린통상,크린랲미니,0.0,2026-07,-307.0,-627.0,-881.0,-1193.0,-1362.0,-1616.0,-1785.0,-2124.0,-2378.0,-2698.0,-2952.0,-3206.0
태국(썬타이),마이핸고무장갑신단보,28000.0,2026-10,19867.0,11734.0,3601.0,-4532.0,-12665.0,-20798.0,-28931.0,-37064.0,-45197.0,-50864.0,-63131.0,-69598.0
태국(썬타이),마이핸고무장갑왕신단보,14400.0,2026-08,3915.0,-6570.0,-17055.0,-27540.0,-38025.0,-48510.0,-59552.0,-69894.0,-82692.0,-95284.0,-104376.0,-111418.0
태국(썬타이),마이핸니트릴위생장갑100매(L),0.0,2026-07,-1900.0,-3800.0,-5700.0,-7600.0,-9500.0,-11400.0,-13300.0,-15200.0,-16225.0,-17685.0,-20900.0,-22800.0
태국(썬타이),마이핸니트릴위생장갑100매(M),0.0,2026-07,-363.0,-726.0,-1089.0,-1452.0,-1815.0,-2178.0,-2541.0,-2728.0,-2960.0,-3632.0,-3995.0,-4358.0
태국(썬타이),마이핸미니(L)노(10P),-240.0,2026-07,-1464.0,-2688.0,-3912.0,-5136.0,-6360.0,-7584.0,-9696.0,-10518.0,-11490.0,-13002.0,-13704.0,-14928.0
태국(썬타이),마이핸미니(L)투(10P),1930.0,2026-09,1057.0,184.0,-689.0,-1562.0,-2435.0,-3308.0,-4181.0,-5054.0,-5927.0,-6784.0,-7721.0,-8548.0
태국(썬타이),마이핸미니(M)노(10P),240.0,2026-07,-1183.0,-2606.0,-4029.0,-5452.0,-6875.0,-8298.0,-9940.0,-11112.0,-11884.0,-13556.0,-15168.0,-16840.0
태국(썬타이),마이핸미니(M)투(10P),3000.0,2026-11,2300.0,1600.0,900.0,200.0,-500.0,-1200.0,-1900.0,-2600.0,-3300.0,-3860.0,-4630.0,-5400.0
태국(썬타이),마이핸미니(S)노(10P),360.0,2026-07,-336.0,-1032.0,-1728.0,-2424.0,-3120.0,-3816.0,-4524.0,-5220.0,-5898.0,-6696.0,-7584.0,-7992.0
태국(썬타이),마이핸미니(S)투(10P),1890.0,2026-11,1503.0,1116.0,729.0,342.0,-45.0,-432.0,-819.0,-1206.0,-1593.0,-1996.0,-2469.0,-2752.0
태국(썬타이),마이핸미용(L),73000.0,2026-11,56500.0,40000.0,23500.0,7000.0,-4750.0,-18500.0,-31750.0,-45000.0,-61250.0,-81000.0,-97750.0,-117500.0
태국(썬타이),마이핸미용(M),38000.0,2026-07,-10200.0,-58400.0,-106600.0,-154800.0,-213400.0,-238000.0,-286200.0,-357050.0,-384150.0,-446750.0,-484850.0,-527200.0
태국(썬타이),마이핸미용(S),181000.0,2027-05,162500.0,144000.0,125500.0,107000.0,93250.0,79500.0,67750.0,53500.0,29250.0,6500.0,-14250.0,-31500.0
태국(썬타이),마이핸프리미엄100매(라텍스위생)(L),390.0,2026-10,290.0,190.0,90.0,-10.0,-110.0,-210.0,-310.0,-410.0,-510.0,-610.0,-710.0,-810.0
태국(썬타이),쎄라손고무장갑신단보,18600.0,2026-10,11538.0,6679.0,5691.0,-1094.0,-5834.0,-10347.0,-26316.0,-32953.0,-37960.0,-53159.0,-66501.0,-73207.0
태국(썬타이),쎄라손고무장갑왕신단보,17900.0,2026-10,7568.0,4578.0,2116.0,-2209.0,-14805.0,-17758.0,-31993.0,-39324.0,-45600.0,-49231.0,-58581.0,-65955.0
태국(썬타이),쎄라손미니(L)노(10P),-690.0,2026-07,-781.0,-1265.0,-1559.0,-1754.0,-1874.0,-1905.0,-2280.0,-2481.0,-2873.0,-3851.0,-4269.0,-4781.0
태국(썬타이),쎄라손미니(L)투(10P),630.0,2026-09,471.0,174.0,-46.0,-161.0,-726.0,-1056.0,-1181.0,-1313.0,-1749.0,-2442.0,-2621.0,-3002.0
태국(썬타이),쎄라손미니(M)노(10P),-510.0,2026-07,-776.0,-896.0,-1193.0,-1553.0,-2281.0,-2680.0,-3124.0,-3828.0,-4170.0,-4978.0,-5624.0,-5924.0
태국(썬타이),쎄라손미니(M)투(10P),2850.0,2026-11,2366.0,2151.0,1759.0,1078.0,-123.0,-410.0,-1056.0,-1469.0,-2461.0,-3812.0,-4207.0,-5123.0
태국(썬타이),쎄라손미니(S)노(10P),2310.0,2027-02,2190.0,1889.0,1629.0,1152.0,727.0,385.0,107.0,-5.0,-215.0,-643.0,-823.0,-1214.0
태국(썬타이),쎄라손미용(L),90600.0,2026-09,54969.0,31843.0,-3130.0,-44536.0,-98615.0,-143973.0,-173798.0,-200128.0,-234446.0,-279344.0,-315393.0,-357387.0
태국(썬타이),쎄라손미용(M),48960.0,2026-08,2654.0,-41884.0,-102284.0,-167983.0,-246549.0,-322485.0,-375842.0,-413669.0,-476051.0,-547648.0,-605248.0,-667629.0
태국(썬타이),쎄라손미용(S),56500.0,2026-08,29445.0,-893.0,-32124.0,-67936.0,-125166.0,-156093.0,-181949.0,-218352.0,-267478.0,-315716.0,-353739.0,-393279.0
태화글로비즈,New태화특대(적),600.0,2026-08,170.0,-152.0,-971.0,-1264.0,-1732.0,-2039.0,-2712.0,-3063.0,-3560.0,-3856.0,-4348.0,-4758.0
태화글로비즈,New태화특대(투),800.0,2026-09,402.0,228.0,-235.0,-532.0,-764.0,-996.0,-1286.0,-1518.0,-1943.0,-2192.0,-2694.0,-3042.0
태화글로비즈,New태화특대(핑),600.0,2026-10,512.0,270.0,72.0,-82.0,-368.0,-599.0,-1061.0,-1160.0,-1226.0,-1309.0,-1474.0,-1606.0
태화글로비즈,태화(L)대(적),2300.0,2026-08,813.0,-608.0,-1668.0,-3150.0,-4696.0,-6393.0,-7610.0,-8661.0,-10405.0,-11606.0,-13149.0,-14752.0
태화글로비즈,태화(L)대(투),1200.0,2026-11,993.0,749.0,400.0,130.0,-306.0,-531.0,-880.0,-1293.0,-1744.0,-2138.0,-2307.0,-2634.0
태화글로비즈,태화(L)대(핑),600.0,2026-09,342.0,100.0,-158.0,-383.0,-628.0,-950.0,-1208.0,-1353.0,-1707.0,-2061.0,-2206.0,-2399.0
태화글로비즈,태화XL특대(적),1400.0,2026-09,795.0,293.0,-298.0,-644.0,-1794.0,-2170.0,-2853.0,-3280.0,-3505.0,-3981.0,-4543.0,-4846.0
태화글로비즈,태화XL특대(투),700.0,2026-11,482.0,254.0,203.0,10.0,-191.0,-495.0,-810.0,-982.0,-1082.0,-1262.0,-1434.0,-1749.0
태화글로비즈,태화XL특대(핑),600.0,2026-11,505.0,436.0,303.0,170.0,-74.0,-232.0,-384.0,-442.0,-537.0,-842.0,-918.0,-1032.0
태화글로비즈,태화꽃밴(적),1900.0,2026-09,1077.0,501.0,-753.0,-1465.0,-2458.0,-3210.0,-4023.0,-4599.0,-5175.0,-5920.0,-6567.0,-7377.0
태화글로비즈,태화꽃밴(투),1600.0,2026-09,1081.0,448.0,-518.0,-1153.0,-2017.0,-2765.0,-3344.0,-3972.0,-4445.0,-5049.0,-5725.0,-6461.0
태화글로비즈,태화꽃밴(핑),3370.0,2026-08,1210.0,-752.0,-3584.0,-6093.0,-9630.0,-12839.0,-15272.0,-16827.0,-18776.0,-20814.0,-22697.0,-24842.0
태화글로비즈,태화단보,0.0,2026-07,-222.0,-555.0,-964.0,-1466.0,-2135.0,-2637.0,-3305.0,-3584.0,-3750.0,-4363.0,-5589.0,-5756.0
태화글로비즈,태화롤백(소)500매,0.0,2026-07,-24.0,-44.0,-135.0,-165.0,-194.0,-232.0,-264.0,-304.0,-340.0,-364.0,-396.0,-434.0
태화글로비즈,태화롤백(중)500매,108.0,2026-08,61.0,-2.0,-80.0,-132.0,-195.0,-222.0,-306.0,-356.0,-395.0,-471.0,-513.0,-584.0
태화글로비즈,태화롤팩(대)500매,144.0,2026-09,108.0,51.0,-16.0,-67.0,-115.0,-153.0,-182.0,-246.0,-262.0,-329.0,-358.0,-400.0
태화글로비즈,태화마파,100.0,2026-07,-87.0,-337.0,-487.0,-745.0,-820.0,-987.0,-1312.0,-1387.0,-1437.0,-1512.0,-1612.0,-1712.0
태화글로비즈,태화미니,1500.0,2026-11,1355.0,1149.0,927.0,483.0,-6.0,-760.0,-1024.0,-1246.0,-1414.0,-1798.0,-2242.0,-2505.0
태화글로비즈,태화선밴(적),800.0,2026-09,505.0,238.0,-285.0,-676.0,-1003.0,-1348.0,-1576.0,-1981.0,-2485.0,-2969.0,-3559.0,-3772.0
태화글로비즈,태화선밴(투),2100.0,2026-07,-88.0,-2082.0,-3965.0,-5989.0,-8481.0,-10475.0,-12375.0,-13538.0,-15172.0,-16861.0,-18343.0,-20536.0
태화글로비즈,태화선밴(핑),5070.0,2026-09,2037.0,297.0,-2040.0,-4698.0,-8634.0,-11686.0,-14101.0,-16168.0,-18295.0,-20961.0,-22977.0,-24967.0
태화글로비즈,태화올A,1500.0,2026-09,1032.0,354.0,-324.0,-1046.0,-2286.0,-3058.0,-3783.0,-4134.0,-4531.0,-5350.0,-7081.0,-7783.0
태화글로비즈,태화위생100매,0.0,2026-07,-86.0,-183.0,-248.0,-334.0,-485.0,-625.0,-747.0,-855.0,-1005.0,-1113.0,-1199.0,-1343.0
태화글로비즈,태화위생200매,560.0,2026-09,232.0,49.0,-321.0,-691.0,-851.0,-1023.0,-1355.0,-1549.0,-1797.0,-2045.0,-2213.0,-2419.0
태화글로비즈,태화위생50매,850.0,2026-08,125.0,-669.0,-1722.0,-2533.0,-3224.0,-4191.0,-4692.0,-5106.0,-6142.0,-7299.0,-8404.0,-9457.0
태화글로비즈,태화팩(대),250.0,2026-09,150.0,50.0,-150.0,-275.0,-350.0,-450.0,-575.0,-725.0,-850.0,-1000.0,-1150.0,-1200.0
태화글로비즈,태화팩(소),200.0,2026-09,116.0,15.0,-86.0,-221.0,-356.0,-423.0,-591.0,-658.0,-809.0,-910.0,-1011.0,-1101.0
태화글로비즈,태화팩(중),450.0,2026-09,336.0,38.0,-132.0,-416.0,-728.0,-834.0,-1004.0,-1110.0,-1294.0,-1507.0,-1635.0,-1777.0
평강상사,렉션개나리,350.0,2026-07,-1455.0,-2615.0,-4356.0,-6806.0,-7709.0,-9197.0,-11325.0,-11712.0,-12679.0,-14484.0,-15644.0,-16547.0
평강상사,렉션미니(투명)10P,0.0,2026-07,-25.0,-45.0,-60.0,-80.0,-100.0,-120.0,-140.0,-160.0,-180.0,-225.0,-245.0,-265.0
평강상사,렉션주황12호(여성용),0.0,2026-07,-120.0,-240.0,-480.0,-560.0,-860.0,-980.0,-1100.0,-1220.0,-1307.0,-1427.0,-1547.0,-1667.0
평강상사,렉션황10호,0.0,2026-07,-100.0,-200.0,-300.0,-400.0,-500.0,-600.0,-700.0,-800.0,-900.0,-1000.0,-1100.0,-1200.0
평강상사,렉션황12호,0.0,2026-07,-60.0,-120.0,-180.0,-240.0,-300.0,-360.0,-420.0,-480.0,-540.0,-600.0,-660.0,-720.0
하얀손(베트남),대광고무장갑(M)투,9900.0,2027-04,8874.0,7896.0,7078.0,6263.0,4687.0,3828.0,3274.0,1993.0,11.0,-3058.0,-3566.0,-8604.0
하얀손(베트남),대광고무장갑(M)핑,9065.0,2026-07,-3873.0,-10341.0,-22535.0,-34692.0,-39939.0,-58224.0,-67818.0,-77919.0,-93034.0,-107422.0,-113949.0,-158429.0
하얀손(베트남),대광고무장갑식품용-콤비(S)투명,0.0,2026-07,-400.0,-800.0,-1200.0,-1402.0,-1802.0,-2202.0,-2602.0,-3002.0,-3402.0,-3802.0,-4202.0,-4602.0
하얀손(베트남),대광고무장갑주름(L)투,10500.0,2027-01,9148.0,7101.0,5929.0,3813.0,1886.0,591.0,-505.0,-2685.0,-5400.0,-9643.0,-11552.0,-19177.0
하얀손(베트남),대광고무장갑주름(L)핑,7250.0,2026-07,-5442.0,-15963.0,-30151.0,-50971.0,-57478.0,-70184.0,-92869.0,-108381.0,-122748.0,-140686.0,-147672.0,-203623.0
하얀손(베트남),대광고무장갑특대(XL)핑,12195.0,2027-02,10690.0,9921.0,8889.0,7214.0,6243.0,943.0,59.0,-155.0,-358.0,-1023.0,-2047.0,-4493.0
하얀손(베트남),크린랲간편고무장갑(10컬레),14400.0,2026-09,11659.0,4735.0,-1901.0,-7960.0,-15736.0,-21673.0,-28597.0,-33069.0,-39416.0,-44321.0,-48360.0,-53480.0
하얀손(베트남),후디스고무장갑(M)투(A),0.0,2026-07,-5.0,-10.0,-15.0,-20.0,-25.0,-30.0,-35.0,-40.0,-45.0,-50.0,-55.0,-60.0
하얀손(베트남),후디스고무장갑(M)핑 왼손,0.0,2026-07,-19.0,-34.0,-46.0,-65.0,-79.0,-94.0,-100.0,-115.0,-130.0,-149.0,-189.0,-202.0
하얀손(베트남),후디스고무장갑(S)핑(A),3200.0,2026-12,2519.0,1123.0,1019.0,991.0,3.0,-687.0,-735.0,-1514.0,-2027.0,-3145.0,-4937.0,-5545.0
하얀손(베트남),후디스고무장갑식품용,14037.0,2026-07,-14451.0,-67400.0,-106791.0,-152355.0,-198158.0,-249246.0,-289537.0,-330836.0,-368814.0,-431557.0,-469578.0,-488231.0
하얀손(베트남),후디스고무장갑주름(L)핑 오른손,0.0,2026-07,-100.0,-200.0,-300.0,-400.0,-500.0,-600.0,-656.0,-708.0,-808.0,-908.0,-1008.0,-1108.0
하얀손(베트남),후디스고무장갑주름(L)핑 왼손,0.0,2026-07,-36.0,-72.0,-108.0,-168.0,-187.0,-223.0,-259.0,-279.0,-299.0,-335.0,-403.0,-425.0
하얀손(베트남),후디스고무장갑주름(L)핑(A),0.0,2026-07,-1058.0,-1316.0,-1431.0,-1546.0,-1968.0,-2526.0,-2598.0,-2713.0,-2828.0,-2986.0,-3101.0,-3216.0
하얀손(베트남),후디스고무장갑주름(L)핑(N),500.0,2026-07,-5003.0,-10428.0,-16460.0,-24503.0,-35347.0,-40255.0,-43132.0,-48409.0,-53345.0,-56796.0,-60514.0,-65435.0
하얀손(베트남),후디스미니(L)노(10P),-20.0,2026-07,-2268.0,-4232.0,-6761.0,-9229.0,-12309.0,-14511.0,-16995.0,-18968.0,-21030.0,-24626.0,-27999.0,-31644.0
하얀손(베트남),후디스미니(L)흰(10P),7933.0,2026-08,2598.0,-2276.0,-6429.0,-12265.0,-17984.0,-23639.0,-28207.0,-32561.0,-37495.0,-44624.0,-50872.0,-57577.0
하얀손(베트남),후디스미니(S)노(10P),692.0,2026-07,-150.0,-870.0,-1720.0,-3002.0,-4154.0,-5028.0,-6028.0,-6743.0,-7696.0,-9308.0,-10423.0,-11701.0
하얀손(베트남),후디스미니(S)흰(10P),5023.0,2026-08,1766.0,-482.0,-2757.0,-5781.0,-8533.0,-11407.0,-14053.0,-16534.0,-19459.0,-23609.0,-26682.0,-30245.0
하얀손(베트남),후디스미니(free)노(10P)(M)(A),873.0,2026-07,-477.0,-1917.0,-3495.0,-5617.0,-8098.0,-10094.0,-11730.0,-13121.0,-14794.0,-17377.0,-19925.0,-22354.0
하얀손(베트남),후디스미니(free)흰(10P)(M)(A),6160.0,2026-08,1130.0,-2991.0,-7513.0,-12867.0,-17823.0,-22657.0,-27296.0,-30976.0,-35514.0,-43859.0,-50115.0,-55925.0
하영안전물산,토시,5305.0,2026-07,-5126.0,-13236.0,-21038.0,-31071.0,-39022.0,-46016.0,-54045.0,-60571.0,-68983.0,-76877.0,-84109.0,-93225.0
학코팅공업사,대광노랑반코팅(10P),1878.0,2026-12,1593.0,1327.0,964.0,374.0,52.0,-387.0,-474.0,-536.0,-675.0,-888.0,-1137.0,-1224.0
학코팅공업사,후디스노랑반코팅(13g),8870.0,2026-07,-2306.0,-14710.0,-28842.0,-42982.0,-57829.0,-68409.0,-78950.0,-89396.0,-101472.0,-114757.0,-124583.0,-137547.0
학코팅공업사,후디스흰반코팅(13g),5600.0,2026-08,3021.0,-1420.0,-4155.0,-7459.0,-9838.0,-11656.0,-15260.0,-17486.0,-19352.0,-22141.0,-24990.0,-27575.0
한결유통,위생장갑(하품),0.0,2026-07,-528.0,-1091.0,-2146.0,-2621.0,-3676.0,-4309.0,-4784.0,-5391.0,-5954.0,-6640.0,-7168.0,-7960.0
해광장갑,백나일론(해광)10P,0.0,2026-07,-678.0,-1258.0,-1787.0,-2098.0,-2803.0,-3048.0,-3300.0,-3792.0,-4321.0,-5050.0,-5505.0,-6078.0
해광장갑,실장갑50g(10P),0.0,2026-07,-253.0,-764.0,-1297.0,-1897.0,-2446.0,-2940.0,-3232.0,-3750.0,-4290.0,-4513.0,-4959.0,-5296.0
호성산업,레자토시(고무줄),300.0,2026-08,125.0,-125.0,-350.0,-750.0,-1025.0,-1250.0,-1517.0,-1667.0,-1917.0,-2151.0,-2351.0,-2601.0
호성산업,레자토시(시보리),200.0,2026-09,111.0,22.0,-67.0,-200.0,-422.0,-600.0,-700.0,-789.0,-878.0,-967.0,-1189.0,-1278.0
호성산업,오런토시2P,0.0,2026-07,-2.0,-64.0,-67.0,-69.0,-131.0,-133.0,-195.0,-198.0,-201.0,-204.0,-207.0,-210.0
호성산업,은박방수토시(고무줄),500.0,2026-09,347.0,122.0,-103.0,-260.0,-413.0,-473.0,-759.0,-770.0,-781.0,-934.0,-1093.0,-1422.0
호성산업,은박방수토시(시보리),100.0,2026-07,-82.0,-254.0,-418.0,-790.0,-1133.0,-1659.0,-2269.0,-2650.0,-2955.0,-3317.0,-3584.0,-3965.0
호성산업,청앞치마(중),0.0,2026-07,-50.0,-100.0,-127.0,-167.0,-217.0,-257.0,-292.0,-342.0,-372.0,-427.0,-492.0,-532.0
호성산업,청토시(100입),700.0,2026-08,135.0,-184.0,-791.0,-1078.0,-1722.0,-2329.0,-3149.0,-3564.0,-4190.0,-4812.0,-5648.0,-5967.0
호성산업,청토시(100입)겨울용,300.0,2026-12,264.0,223.0,173.0,125.0,48.0,-70.0,-155.0,-182.0,-209.0,-250.0,-295.0,-322.0
호성산업,후디스토시1P,3200.0,2026-09,1356.0,106.0,-2549.0,-4286.0,-5937.0,-7826.0,-9426.0,-10774.0,-13491.0,-15868.0,-19272.0,-21582.0
